Correct Record,alma_id,dlxs_id,issues,creator,title,pub_date,publisher,pub_place,lanugage
DLXS,990000617910106381,AAG4364.1897.001,['date'],"['None', 'University of Michigan.']","['Michiganensian.', 'Michiganensian.  [1897]']","['None', '[1897]']","['University of Michigan,', 'University of Michigan,']","['[Ann Arbor] :', '[Ann Arbor] :']","['eng', 'eng']"
DLXS,990000617910106381,AAG4364.1898.001,['date'],"['None', 'University of Michigan.']","['Michiganensian.', 'Michiganensian.  [1898]']","['None', '[1898]']","['University of Michigan,', 'University of Michigan,']","['[Ann Arbor] :', '[Ann Arbor] :']","['eng', 'eng']"
DLXS,990000617910106381,AAG4364.1899.001,['date'],"['None', 'University of Michigan.']","['Michiganensian.', 'Michiganensian.  [1899]']","['None', '[1899]']","['University of Michigan,', 'University of Michigan,']","['[Ann Arbor] :', '[Ann Arbor] :']","['eng', 'eng']"
DLXS,990000617910106381,AAG4364.1900.001,['date'],"['None', 'University of Michigan.']","['Michiganensian.', 'Michiganensian.  [1900]']","['None', '[1900]']","['University of Michigan,', 'University of Michigan,']","['[Ann Arbor] :', '[Ann Arbor] :']","['eng', 'eng']"
DLXS,990000617910106381,AAG4364.1901.001,['date'],"['None', 'University of Michigan.']","['Michiganensian.', 'Michiganensian.  [1901]']","['None', '[1901]']","['University of Michigan,', 'University of Michigan,']","['[Ann Arbor] :', '[Ann Arbor] :']","['eng', 'eng']"
DLXS,990000617910106381,AAG4364.1902.001,['date'],"['None', 'University of Michigan.']","['Michiganensian.', 'Michiganensian.  [1902]']","['None', '[1902]']","['University of Michigan,', 'University of Michigan,']","['[Ann Arbor] :', '[Ann Arbor] :']","['eng', 'eng']"
DLXS,990000617910106381,AAG4364.1903.001,['date'],"['None', 'University of Michigan.']","['Michiganensian.', 'Michiganensian.  [1903]']","['None', '[1903]']","['University of Michigan,', 'University of Michigan,']","['[Ann Arbor] :', '[Ann Arbor] :']","['eng', 'eng']"
DLXS,990000617910106381,AAG4364.1904.001,['date'],"['None', 'University of Michigan.']","['Michiganensian.', 'Michiganensian.  [1904]']","['None', '[1904]']","['University of Michigan,', 'University of Michigan,']","['[Ann Arbor] :', '[Ann Arbor] :']","['eng', 'eng']"
DLXS,990000617910106381,AAG4364.1905.001,['date'],"['None', 'University of Michigan.']","['Michiganensian.', 'Michiganensian. [1905]']","['None', '[1905]']","['University of Michigan,', 'University of Michigan,']","['[Ann Arbor] :', '[Ann Arbor] :']","['eng', 'eng']"
DLXS,990000617910106381,AAG4364.1906.001,['date'],"['None', 'University of Michigan.']","['Michiganensian.', 'Michiganensian. [1906]']","['None', '[1906]']","['University of Michigan,', 'University of Michigan,']","['[Ann Arbor] :', '[Ann Arbor] :']","['eng', 'eng']"
DLXS,990000617910106381,AAG4364.1907.001,['date'],"['None', 'University of Michigan.']","['Michiganensian.', 'Michiganensian. [1907]']","['None', '[1907]']","['University of Michigan,', 'University of Michigan,']","['[Ann Arbor] :', '[Ann Arbor] :']","['eng', 'eng']"
DLXS,990000617910106381,AAG4364.1909.001,['date'],"['None', 'University of Michigan.']","['Michiganensian.', 'Michiganensian.  [1909]']","['None', '[1909]']","['University of Michigan,', 'University of Michigan,']","['[Ann Arbor] :', '[Ann Arbor] :']","['eng', 'eng']"
DLXS,990000617910106381,AAG4364.1910.001,['date'],"['None', 'University of Michigan.']","['Michiganensian.', 'Michiganensian.  [1910]']","['None', '[1910]']","['University of Michigan,', 'University of Michigan,']","['[Ann Arbor] :', '[Ann Arbor] :']","['eng', 'eng']"
DLXS,990000617910106381,AAG4364.1911.001,['date'],"['None', 'University of Michigan.']","['Michiganensian.', 'Michiganensian.  [1911]']","['None', '[1911]']","['University of Michigan,', 'University of Michigan,']","['[Ann Arbor] :', '[Ann Arbor] :']","['eng', 'eng']"
DLXS,990000617910106381,AAG4364.1912.001,['date'],"['None', 'University of Michigan.']","['Michiganensian.', 'Michiganensian.  [1912]']","['None', '[1912]']","['University of Michigan,', 'University of Michigan,']","['[Ann Arbor] :', '[Ann Arbor] :']","['eng', 'eng']"
DLXS,990000617910106381,AAG4364.1913.001,['date'],"['None', 'University of Michigan.']","['Michiganensian.', 'Michiganensian.  [1913]']","['None', '[1913]']","['University of Michigan,', 'University of Michigan,']","['[Ann Arbor] :', '[Ann Arbor] :']","['eng', 'eng']"
DLXS,990000617910106381,AAG4364.1915.001,['date'],"['None', 'University of Michigan.']","['Michiganensian.', 'Michiganensian.  [1915]']","['None', '[1915]']","['University of Michigan,', 'University of Michigan,']","['[Ann Arbor] :', '[Ann Arbor] :']","['eng', 'eng']"
DLXS,990000617910106381,AAG4364.1916.001,['date'],"['None', 'University of Michigan.']","['Michiganensian.', 'Michiganensian.  [1916]']","['None', '[1916]']","['University of Michigan,', 'University of Michigan,']","['[Ann Arbor] :', '[Ann Arbor] :']","['eng', 'eng']"
DLXS,990000617910106381,AAG4364.1917.001,['date'],"['None', 'University of Michigan.']","['Michiganensian.', 'Michiganensian.  [1917]']","['None', '[1917]']","['University of Michigan,', 'University of Michigan,']","['[Ann Arbor] :', '[Ann Arbor] :']","['eng', 'eng']"
DLXS,990000617910106381,AAG4364.1918.001,['date'],"['None', 'University of Michigan.']","['Michiganensian.', 'Michiganensian.  [1918]']","['None', '[1918]']","['University of Michigan,', 'University of Michigan,']","['[Ann Arbor] :', '[Ann Arbor] :']","['eng', 'eng']"
DLXS,990000617910106381,AAG4364.1919.001,['date'],"['None', 'University of Michigan.']","['Michiganensian.', 'Michiganensian.  [1919]']","['None', '[1919]']","['University of Michigan,', 'University of Michigan,']","['[Ann Arbor] :', '[Ann Arbor] :']","['eng', 'eng']"
DLXS,990000617910106381,AAG4364.1920.001,['date'],"['None', 'University of Michigan.']","['Michiganensian.', 'Michiganensian.  [1920]']","['None', '[1920]']","['University of Michigan,', 'University of Michigan,']","['[Ann Arbor] :', '[Ann Arbor] :']","['eng', 'eng']"
DLXS,990000617910106381,AAG4364.1921.001,['date'],"['None', 'University of Michigan.']","['Michiganensian.', 'Michiganensian.  [1921]']","['None', '[1921]']","['University of Michigan,', 'University of Michigan,']","['[Ann Arbor] :', '[Ann Arbor] :']","['eng', 'eng']"
DLXS,990000617910106381,AAG4364.1922.001,['date'],"['None', 'University of Michigan.']","['Michiganensian.', 'Michiganensian.  [1922]']","['None', '[1922]']","['University of Michigan,', 'University of Michigan,']","['[Ann Arbor] :', '[Ann Arbor] :']","['eng', 'eng']"
DLXS,990000617910106381,AAG4364.1923.001,['date'],"['None', 'University of Michigan.']","['Michiganensian.', 'Michiganensian.  [1923]']","['None', '[1923]']","['University of Michigan,', 'University of Michigan,']","['[Ann Arbor] :', '[Ann Arbor] :']","['eng', 'eng']"
DLXS,990000617910106381,AAG4364.1924.001,['date'],"['None', 'University of Michigan.']","['Michiganensian.', 'Michiganensian.  [1924]']","['None', '[1924]']","['University of Michigan,', 'University of Michigan,']","['[Ann Arbor] :', '[Ann Arbor] :']","['eng', 'eng']"
DLXS,990000617910106381,AAG4364.1925.001,['date'],"['None', 'University of Michigan.']","['Michiganensian.', 'Michiganensian.  [1925]']","['None', '[1925]']","['University of Michigan,', 'University of Michigan,']","['[Ann Arbor] :', '[Ann Arbor] :']","['eng', 'eng']"
DLXS,990000617910106381,AAG4364.1926.001,['date'],"['None', 'University of Michigan.']","['Michiganensian.', 'Michiganensian.  [1926]']","['None', '[1926]']","['University of Michigan,', 'University of Michigan,']","['[Ann Arbor] :', '[Ann Arbor] :']","['eng', 'eng']"
DLXS,990000617910106381,AAG4364.1927.001,['date'],"['None', 'University of Michigan.']","['Michiganensian.', 'Michiganensian.  [1927]']","['None', '[1927]']","['University of Michigan,', 'University of Michigan,']","['[Ann Arbor] :', '[Ann Arbor] :']","['eng', 'eng']"
DLXS,990000617910106381,AAG4364.1928.001,['date'],"['None', 'University of Michigan.']","['Michiganensian.', 'Michiganensian.  [1928]']","['None', '[1928]']","['University of Michigan,', 'University of Michigan,']","['[Ann Arbor] :', '[Ann Arbor] :']","['eng', 'eng']"
DLXS,990000617910106381,AAG4364.1929.001,['date'],"['None', 'University of Michigan.']","['Michiganensian.', 'Michiganensian.  [1929]']","['None', '[1929]']","['University of Michigan,', 'University of Michigan,']","['[Ann Arbor] :', '[Ann Arbor] :']","['eng', 'eng']"
DLXS,990000617910106381,AAG4364.1930.001,['date'],"['None', 'University of Michigan.']","['Michiganensian.', 'Michiganensian.  [1930]']","['None', '[1930]']","['University of Michigan,', 'University of Michigan,']","['[Ann Arbor] :', '[Ann Arbor] :']","['eng', 'eng']"
DLXS,990000617910106381,AAG4364.1931.001,['date'],"['None', 'University of Michigan.']","['Michiganensian.', 'Michiganensian.  [1931]']","['None', '[1931]']","['University of Michigan,', 'University of Michigan,']","['[Ann Arbor] :', '[Ann Arbor] :']","['eng', 'eng']"
DLXS,990001144450106381,AAM7861.0001.001,"['title', 'fuzz_score: 86']","['Barker, David, 1816-1874.', ' Barker, David, 1816-1874.']","['Poems /', 'Poems by David Barker, with historical sketch by Hon. John E. Godfrey.']","['1876.', '1876.']","['Press of S. S. Smith & Son,', 'Press of S. S. Smith & Son,']","['Bangor :', 'Bangor,']","['eng', 'eng']"
DLXS,990035321040106381,AAM8831.0001.001,['language'],"['McLaughlin, J. Fairfax (James Fairfax), 1839-1903.', '[McLaughlin, James Fairfax] 1839-1903.']","['The American Cyclops, the hero of New Orleans, and spoiler of silver spoons.', 'The American Cyclops, the hero of New Orleans, and spoiler of silver spoons. Dubbed LL.D. by Pasquino.']","['1868.', '1868.']","['Kelly & Piet,', 'Kelly & Piet,']","['Baltimore :', 'Baltimore,']","['eng', None]"
DLXS,990001168780106381,AAN0308.0001.001,"['title', 'fuzz_score: 86']","['Ingelow, Jean, 1820-1897.', ' Ingelow, Jean, 1820-1897.']","['Poems /', 'Poems, by Jean Ingelow.']","['1866.', '1866.']","['Roberts brothers,', 'Roberts brothers,']","['Boston :', 'Boston,']","['eng', 'eng']"
DLXS,990001169090106381,AAN0339.0001.001,"['title', 'fuzz_score: 89']","['Hawthorne, Julian, 1846-1934.', ' Hawthorne, Julian, 1846-1934.']","['Bressant : a novel /', 'Bressant, a novel.']","['1873.', '1873.']","['D. Appleton and Company, 549 & 551 Broadway,', 'D. Appleton,']","['New York :', 'New York,']","['eng', 'eng']"
DLXS,990001226080106381,AAN6112.0001.001,"['title', 'fuzz_score: 88']","['Doesticks, Q. K. Philander, 1831-1875.', ' Doesticks, Q. K. Philander, 1831-1875.']","['Doesticks : what he says /', 'Doesticks; what he says, by Q. K. Philander Doesticks, P. B. [pseud.]']","['1855.', '1855.']","['E. Livermore,', 'E. Livermore,']","['New York :', 'New York,']","['eng', 'eng']"
incorrect,990001226100106381,AAN6114.0001.001,"['title', 'fuzz_score: 88']","['Doesticks, Q. K. Philander, 1831-1875.', ' Doesticks, Q. K. Philander, 1831-1875.']","['Doesticks : what he says /', 'Doesticks; what he says, by Q. K. Philander Doesticks, P. B. [pseud.]']","['1857.', '1857.']","['Rudd & Carleton,', 'Rudd & Carleton,']","['New York :', 'New York,']","['eng', 'eng']"
DLXS,990001226100106381,AAN6114.0002.001,"['title', 'fuzz_score: 88']","['Doesticks, Q. K. Philander, 1831-1875.', ' Doesticks, Q. K. Philander, 1831-1875.']","['Doesticks : what he says /', 'Doesticks; what he says, by Q. K. Philander Doesticks, P. B. [pseud.]']","['1857.', '1857.']","['Rudd & Carleton,', 'Rudd & Carleton,']","['New York :', 'New York,']","['eng', 'eng']"
DLXS,990001228570106381,AAN6364.0001.001,"['title', 'fuzz_score: 88']","['Collins, Wilkie, 1824-1889.', ' Collins, Wilkie, 1824-1889.']","['Man and wife. : A novel /', 'Man and wife. A novel. By Wilkie Collins.']","['1870.', '1870.']","['Harper & brothers,', 'Harper & brothers,']","['New York :', 'New York,']","['eng', 'eng']"
DLXS,990001228620106381,AAN6369.0001.001,"['title', 'fuzz_score: 88']","['Collins, Wilkie, 1824-1889.', ' Collins, Wilkie, 1824-1889.']","['The moonstone. : A novel /', 'The moonstone. A novel. By Wilkie Collins.']","['[c1874]', '[c1874]']","['Harper & brothers,', 'Harper & brothers']","['New York,', 'New York,']","['eng', 'eng']"
DLXS,990001237100106381,AAN7223.0001.001,"['title', 'fuzz_score: 87']","['Collins, Wilkie, 1824-1889.', ' Collins, Wilkie, 1824-1889.']","['Basil. : A novel.', 'Basil. A novel.']","['1874.', '1874.']","['Harper,', 'Harper,']","['New York :', 'New York,']","['eng', 'eng']"
DLXS,990001242160106381,AAN7737.0001.001,"['title', 'fuzz_score: 86']","['Cooper, James Fenimore, 1789-1851.', ' Cooper, James Fenimore, 1789-1851.']","['The bravo. : A tale /', 'The bravo. A tale. By J. Fenimore Cooper.']","['1871.', '1871.']","['Hurd and Houghton,', 'Hurd and Houghton,']","['New York :', 'New York,']","['eng', 'eng']"
DLXS,990001242180106381,AAN7739.0001.001,"['title', 'fuzz_score: 86']","['Cooper, James Fenimore, 1789-1851.', ' Cooper, James Fenimore, 1789-1851.']","['The bravo. : A tale /', 'The bravo. A tale. By J. Fenimore Cooper.']","['1860.', '1860.']","['W. A. Townsend and company,', 'W. A. Townsend and company,']","['New York :', 'New York,']","['eng', 'eng']"
ALMA,990035323300106381,AAR7991.0001.001,"['title', 'fuzz_score: 38']","['Butler, Lucius Castle 1820-1888.', 'Negativland (Musical group).']","['The memorial record of Essex, Vermont. Prepared by L. C. Butler. Pub. by vote of the town.', 'Fair use : the story of the letter U and the numeral 2 / Negativland.']","['1866.', 'c1995.']","['R.S. Styles,', 'Seeland,']","['Burlington,', 'Concord, Calif. :']","['eng', 'eng']"
DLXS,990001627230106381,AAS6877.0001.001,"['title', 'fuzz_score: 86']","['Trench, Richard Chenevix, 1807-1886.', ' Trench, Richard Chenevix, 1807-1886.']","['Poems /', 'Poems, by Richard Chenevix Trench.']","['1857.', '1857.']","['Redfield,', 'Redfield,']","['New York :', 'New York,']","['eng', 'eng']"
DLXS,990001680350106381,AAT2267.0001.001,"['title', 'fuzz_score: 87']","['Cooper, James Fenimore, 1789-1851.', ' Cooper, James Fenimore, 1789-1851.']","['Precaution. : A novel /', 'Precaution. A novel. By J. Fenimore Cooper.']","['1871.', '1871.']","['Hurd & Houghton,', 'Hurd & Houghton,']","['N.Y. :', 'N.Y.,']","['eng', 'eng']"
DLXS,990001691080106381,AAT3355.0001.001,"['title', 'fuzz_score: 86']","['Whitney, Anne, 1821-1915.', ' Whitney, Anne, 1821-1915.']","['Poems /', 'Poems, by Anne Whitney.']","['1859.', '1859.']","['D. Appleton & co.,', 'D. Appleton & co.,']","['New York :', 'New York,']","['eng', 'eng']"
,990001985270106381,AAW3327.0001.001,['date'],"['None', None]","['Life of General Sam Houston ...', 'Life of General Sam Houston ...']","['1852?]', '1856?]']","['Printed by J.T. Towers,', 'Printed by J.T. Powers,']","['[Washington :', '[Washington,']","['eng', 'eng']"
DLXS,990002047780106381,AAW9632.0002.001,"['title', 'fuzz_score: 89']","['Headley, J. T., 1813-1897.', ' Headley, Joel Tyler, 1813-1897.']","['The great rebellion : a history of the Civil War in the United States /', 'The great rebellion; vol. I. a history of the Civil War in the United States. By J. T. Headley. In two volumes:']","['1863.', '1863.']","['Hurlbut, William & co.;', 'Hurlbut, William & co.;']","['Hartford :', 'Hartford,']","['eng', 'eng']"
DLXS,990002054790106381,AAX0336.0001.001,"['title', 'fuzz_score: 84']","['United States Naval Observatory.', 'United States Naval Observatory.']","['Zones of stars observed at the National observatory, Washington. : Approved by Capt. G. A. Magruder, chief of the Bureau of ordnance and hydrography; and published under authority of the Hon. Isaac Toucey, secretary of the navy /', 'Zones of stars observed at the National observatory, Washington. Vol. I--part I. Containing the zones observed with the meridian circle in 1846. Approved by Capt. G. A. Magruder, chief of the Bureau of ordnance and hydrography; and published under authority of the Hon. Isaac Toucey, secretary of the navy. By Commander M. F. Maury, LL.D., superintendant.']","['1860.', '1860.']","['G. W. Bowman, printer,', 'G. W. Bowman, printer,']","['Washington :', 'Washington,']","['eng', 'eng']"
DLXS,990002353130106381,ABA0781.0001.001,"['date', 'language']","['New England Emigrant Aid Company.', 'New-England Emigrant Aid Company.']","['History of the New-England emigrant aid company. With a report on its future operations./', 'History of the New-England Emigrant Aid Company.   With a Report on Its Future Operations. / New-England Emigrant Aid Company. ']","['1862.', 'BOSTON, May 28, 1861.']","['Press of J. Wilson and son,', 'Press of J. Wilson and Son,']","['Boston,', 'Boston,']","['eng', None]"
ALMA,990002398810106381,ABA5412.0001.001,"['title', 'fuzz_score: 88']","['Wheeler, A. C. (Andrew Carpenter), 1835-1903.', ' Wheeler, Andrew Carpenter 1835-1903.']","['The iron trail A sketch. /', 'The iron trail.:  A sketch./ By A. C. Wheeler, (the ""Nym Crinkle"" of the N. Y. World.)']","['1876.', '1876.']","['F. B. Patterson,', 'F. B. Patterson,']","['New York :', 'New York,']","['eng', 'eng']"
DLXS,990002411290106381,ABA6681.0001.001,"['title', 'fuzz_score: 88']","['McCarthy, Justin, 1830-1912.', ' McCarthy, Justin, 1830-1912.']","['Paul Massie. : A romance /', 'Paul Massie. A romance. By Justin McCarthy.']","['[187?]', '[187?]']","['Sheldon & co.,', 'Sheldon & co.,']","['New York :', 'New York,']","['eng', 'eng']"
DLXS,990002439010106381,ABA9486.0001.001,"['title', 'fuzz_score: 86']","['Reade, Charles, 1814-1884.', ' Reade, Charles, 1814-1884.']","['Foul play. : A novel /', 'Foul play. A novel. By Charles Reade & Dion Boucicault.']","['1868.', '1868.']","['Ticknor & Fields,', 'Ticknor & Fields,']","['Boston :', 'Boston,']","['eng', 'eng']"
DLXS,990002459130106381,ABB1516.0001.001,"['title', 'fuzz_score: 86']","['Massey, Gerald, 1828-1907.', ' Massey, Gerald, 1828-1907.']","['Poems /', 'Poems, by Gerald Massey.']","['1866.', '1866.']","['Ticknor and Fields,', 'Ticknor and Fields,']","['Boston :', 'Boston,']","['eng', 'eng']"
DLXS,990002465490106381,ABB2159.0001.001,"['title', 'fuzz_score: 86']","['Lewis, Eliza Gabriella.', ' Lewis, Eliza Gabriella.']","['Poems /', 'Poems: by Eliza Gabriella Lewis.']","['1850.', '1850.']","['Printed by Shannon & co.,', 'Printed by Shannon & co.,']","['Brooklyn :', 'Brooklyn,']","['eng', 'eng']"
DLXS,990002478530106381,ABB3474.0001.001,"['title', 'fuzz_score: 86']","['Parsons, Thomas William, 1819-1892.', ' Parsons, Thomas William, 1819-1892.']","['Poems /', 'Poems, by Thomas William Parsons.']","['1854.', '1854.']","['Ticknor & Fields,', 'Ticknor & Fields,']","['Boston :', 'Boston,']","['eng', 'eng']"
DLXS,990002769750106381,ABE3320.0001.001,"['title', 'fuzz_score: 77']","['Heap, Gwinn Harris.', ' Heap, Gwinn Harris, 1817-1887.']","['Central route to the Pacific, from the valley of the Mississippi to California : journal of the expedition of E.F. Beale, Superintendent of Indian Affairs in California, and Gwinn Harris Heap, from Missouri to California, in 1853 /', 'Central route to the Pacific, from the valley of the Mississippi to California:  journal of the expedition of E. F. Beale ... and Gwinn Harris Heap, from the Missouri to California in 1853./ By Gwinn Harris Heap.']","['1854.', '1854.']","['Lippincott, Grambo & Co.,', 'Lippincott, Grambo and co.,']","['Philadelphia :', 'Philadelphia,']","['eng', 'eng']"
DLXS,990002804200106381,ABE6804.0001.001,"['title', 'fuzz_score: 86']","['Lindsay, Walter M.', ' Lindsay, Walter M.']","['Poems /', 'Poems; by Walter M. Lindsay.']","['1856.', '1856.']","['D. Appleton & company,', 'D. Appleton & company,']","['New-York :', 'New-York,']","['eng', 'eng']"
DLXS,990002808360106381,ABE7221.0001.001,['date'],"['Longfellow, Henry Wadsworth, 1807-1882.', ' Longfellow, Henry Wadsworth, 1807-1882.']","['Voices of the night Ballads; and other poems, /', 'Voices of the night:  Ballads; and other poems,/ by Henry Wadsworth Longfellow.']","['[between 1871 and 1900?]', 'n.d.']","['Hurst & co.,', 'Hurst & co.,']","[None, 'New York,']","['eng', 'eng']"
DLXS,990002814780106381,ABE7867.0001.001,"['title', 'fuzz_score: 89']","['Brontë, Charlotte, 1816-1855.', ' Brontë, Charlotte, 1816-1855.']","['Shirley /', 'Shirley. By Charlotte Brontë (Currer Bell) Illustrated.']","['[187-?]', '[187-?]']","['Harper & brothers,', 'Harper & brothers']","['New York :', 'New York,']","['eng', 'eng']"
DLXS,990002814890106381,ABE7878.0001.001,"['title', 'fuzz_score: 88']","['Brooks, Maria Gowen, 1794 or 1795-1845.', ' Brooks, Maria Gowen 1794 or 5-1845.']","['Zophiel, a poem,/', 'Zophiel,:  a poem,/ by Mrs. Brooks.']","['1825.', '1825.']","['Richardson & Lord,', 'Richardson & Lord,']","['Boston,', 'Boston,']","['eng', 'eng']"
DLXS,990002818600106381,ABE8250.0001.001,"['title', 'fuzz_score: 88']","['Bailey, Philip James, 1816-1902.', ' Bailey, Philip James, 1816-1902.']","['Festus : a poem /', 'Festus: a poem, by Philip James Bailey. Illustrations by Hammett Billings.']","['1860-', '1860-']","['Bazin & Ellsworth [etc.],', 'Bazin & Ellsworth [etc.]']","['Boston :', 'Boston,']","['eng', 'eng']"
DLXS,990002832270106381,ABE9627.0001.001,"['title', 'fuzz_score: 83']","['Cary, Phoebe, 1824-1871.', ' Cary, Phoebe, 1824-1871.']","['Poems and parodies', 'Poems & parodies:  by Phoebe Carey.']","['1854.', '1854.']","['Ticknor, Reed & Fields,', 'Ticknor, Reed & Fields,']","['Boston,', 'Boston,']","['eng', 'eng']"
DLXS,990002837570106381,ABF0163.0001.001,"['title', 'fuzz_score: 86']","['Burleigh, William Henry, 1812-1871.', ' Burleigh, William Henry, 1812-1871.']","['Poems /', 'Poems by William H. Burleigh. With a sketch of his life. By Celia Burleigh.']","['1871.', '1871.']","['Hurd and Houghton;', 'Hurd and Houghton;']","['New York :', 'New York,']","['eng', 'eng']"
DLXS,990002840870106381,ABF0493.0001.001,"['title', 'fuzz_score: 86']","['Channing, William Ellery, 1817-1901.', ' Channing, William Ellery, 1817-1901.']","['Eliot, a poem.', 'Eliot,:  a poem.']","['1885.', '1885.']","['Cupples, Upham,', 'Cupples, Upham,']","['Boston,', 'Boston,']","['eng', 'eng']"
DLXS,990002848330106381,ABF1249.0001.001,"['title', 'fuzz_score: 86']","['Bryant, William Cullen, 1794-1878.', ' Bryant, William Cullen, 1794-1878.']","['Poems /', 'Poems, by William Cullen Bryant. Collected and arranged by the author.']","['1853.', '1853.']","['A. Hart,', 'A. Hart,']","['Philadelphia :', 'Philadelphia,']","['eng', 'eng']"
DLXS,990002849260106381,ABF1343.0001.001,"['title', 'fuzz_score: 86']","['De Forest, John William, 1826-1906.', ' De Forest, John William, 1826-1906.']","['Overland. : A novel /', 'Overland. A novel. By J. W. De Forest.']","['[1872]', '[1872]']","['Sheldon and company,', 'Sheldon and company']","['New York :', 'New York,']","['eng', 'eng']"
DLXS,990002853990106381,ABF1820.0001.001,"['title', 'fuzz_score: 86']","['Bryant, William Cullen, 1794-1878.', ' Bryant, William Cullen, 1794-1878.']","['Poems /', 'Poems, by William Cullen Bryant. Collected and arranged by the author.']","['[c1876]', '[c1876]']","['D. Appleton and company,', 'D. Appleton and company']","['New York :', 'New York,']","['eng', 'eng']"
DLXS,990002859930106381,ABF2420.0001.001,"['title', 'fuzz_score: 88']","['Cooper, James Fenimore, 1789-1851.', ' Cooper, James Fenimore, 1789-1851.']","['The red rover. : A tale /', 'The red rover. A tale. By J. Fenimore Cooper.']","['1871.', '1871.']","['Hurd & Houghton,', 'Hurd & Houghton,']","['N. Y. :', 'N. Y.,']","['eng', 'eng']"
DLXS,990002859950106381,ABF2422.0001.001,"['title', 'fuzz_score: 88']","['Cooper, James Fenimore, 1789-1851.', ' Cooper, James Fenimore, 1789-1851.']","['The Red Rover. : A tale /', 'The Red Rover. A tale. By J. Fenimore Cooper.']","['1859.', '1859.']","['W. A. Townsend and company,', 'W. A. Townsend and company,']","['New York :', 'New York,']","['eng', 'eng']"
DLXS,990002860150106381,ABF2442.0001.001,"['title', 'fuzz_score: 89']","['Cooper, James Fenimore, 1789-1851.', ' Cooper, James Fenimore, 1789-1851.']","['The two admirals. : A tale /', 'The two admirals. A tale. By J. Fenimore Cooper.']","['1861.', '1861.']","['W. A. Townsend and company,', 'W. A. Townsend and company,']","['New York :', 'New York,']","['eng', 'eng']"
DLXS,990002860180106381,ABF2445.0001.001,"['title', 'fuzz_score: 89']","['Cooper, James Fenimore, 1789-1851.', ' Cooper, James Fenimore, 1789-1851.']","['The two admirals : a tale /', 'The two admirals; a tale, by J. Fenimore Cooper. Illustrated from drawings by F. O. C. Darley.']","['1872.', '1872.']","['Hurd and Houghton,', 'Hurd and Houghton,']","['New York :', 'New York,']","['eng', 'eng']"
DLXS,990002862690106381,ABF2698.0001.001,"['title', 'fuzz_score: 86']","['Cowper, William, 1731-1800.', ' Cowper, William, 1731-1800.']","['Poems /', 'Poems, by William Cowper, esq., together with his posthumous poetry, and a sketch of his life, by John Johnson.']","['1850.', '1850.']","['Phillips, Sampson, & co.,', 'Phillips, Sampson, & co.,']","['Boston :', 'Boston,']","['eng', 'eng']"
DLXS,990002866630106381,ABF3094.0001.001,"['title', 'fuzz_score: 86']","['Craik, Dinah Maria Mulock, 1826-1887.', ' Craik, Dinah Maria Mulock, 1826-1887.']","['Poems /', 'Poems, by the author of ""A life for a life"", etc.']","['1860.', '1860.']","['Ticknor & Fields,', 'Ticknor & Fields,']","['Boston :', 'Boston,']","['eng', 'eng']"
ALMA,990003184150106381,ABJ5569.0001.001,"['title', 'fuzz_score: 78']","['Breckinridge, Robert J. (Robert Jefferson), 1800-1871.', ' Breckinridge, Robert J. (Robert Jefferson), 1800-1871.']","['Two speeches of Rev. Robert J. Breckinridge ... : on the state of the country.', 'Two speeches of Rev. Robert J. Breckinridge ... I. At the Opera house, Cincinnati, on Tuesday evening, May 20, 1862, by invitation of many leading citizens of that city. on the state of the country.']","['1862.', '1862.']","['Press of E. Morgan & co.,', 'Press of E. Morgan & co.,']","['Cincinnati :', 'Cincinnati,']","['eng', 'eng']"
DLXS,990003208750106381,ABJ8080.0001.001,"['title', 'fuzz_score: 86']","['Pool, Maria Louise, 1841-1898.', ' Pool, Maria Louise, 1841-1898.']","['Dally /', 'Dally, by Maria Louise Pool.']","['[c1891]', '[c1891]']","['Harper & brothers,', 'Harper & brothers']","['New York :', 'New York,']","['eng', 'eng']"
DLXS,990003227630106381,ABJ9985.0001.001,"['title', 'fuzz_score: 89']","['Cooper, James Fenimore, 1789-1851.', ' Cooper, James Fenimore, 1789-1851.']","['The two admirals. : A tale /', 'The two admirals. A tale. By J. Fenimore Cooper.']","['1871.', '1871.']","['Hurd & Houghton,', 'Hurd & Houghton,']","['New York :', 'New York,']","['eng', 'eng']"
DLXS,990003245810106381,ABK1822.0001.001,"['title', 'fuzz_score: 88']","['Raymond, George Lansing, 1839-1929.', ' Raymond, George Lansing, 1839-1929.']","['Haydn : and other poems /', 'Haydn, and other poems. By the author of ""Life below"".']","['1870.', '1870.']","['Hurd and Houghton,', 'Hurd and Houghton,']","['New York :', 'New York,']","['eng', 'eng']"
DLXS,990003254360106381,ABK2683.0001.001,"['title', 'fuzz_score: 86']","['Saxe, John Godfrey, 1816-1887.', ' Saxe, John Godfrey, 1816-1887.']","['Poems /', 'Poems, by John G. Saxe.']","['1866.', '1866.']","['Ticknor and Fields,', 'Ticknor and Fields,']","['Boston :', 'Boston,']","['eng', 'eng']"
DLXS,990003270690106381,ABK4325.0001.001,['language'],"['Laboulaye, Édouard, 1811-1883.', ' Laboulaye, Edouard, 1811-1883.']","['Paris en Amérique,', 'Paris en Amérique,:  par le docteur René Lefebvre [pseud.]']","['1863.', '1863.']","['Charpentier,', 'Charpentier,']","['Paris,', 'Paris,']","['fre', 'fre']"
DLXS,990003332110106381,ABL0548.0001.001,"['title', 'fuzz_score: 86']","['Goodrich, Frank B. (Frank Boott), 1826-1894.', ' Goodrich, Frank B. (Frank Boott), 1826-1894.']","['Man upon the sea, or, A history of maritime adventure, exploration, and discovery : from the earliest ages to the present time, comprising a detailed account of remarkable voyages, ancient as well as modern /', 'Man upon the sea; or, A history of maritime adventure, exploration, and discovery, from the earliest ages to the present time ... By Frank B. Goodrich.']","['1858.', '1858.']","['J. B. Lippincott & co.,', 'J. B. Lippincott & co.,']","['Philadelphia :', 'Philadelphia,']","['eng', 'eng']"
DLXS,990049451080106381,ABL3782.0001.001,['language'],"['Ruetenik, H. J. (Herman Julius), 1826-1914.', ' [Ruetenik, Herman Julius] 1826-1914.']","['Beruhmte deutsche vorkampfer fur fortschritt, freiheit und friede in Nord-Amerika. Von 1626 bis 1888. Einhundert und funfzig biographien, mit sechzehn portraits.', 'Berühmte deutsche vorkämpfer für fortschritt, freiheit und friede in Nord-Amerika. Von 1626 bis 1888. Einhundert und fünfzig biographien, mit sechzehn portraits.']","['1893.', '1893.']","['Forest City bookbinding co.,', 'Forest City bookbinding co.,']","['Cleveland, O. :', 'Cleveland, O.,']","['ger', 'ger']"
DLXS - Not MOA,990003527910106381,ABN0405.0001.001,"['title', 'fuzz_score: 89']","['Staël, Madame de (Anne-Louise-Germaine), 1766-1817.', ' Staël, Madame de (Anne-Louise-Germaine), 1766-1817.']","['Germany /', 'Germany, by Madame the Baroness de Staël-Holstein; with notes and appendices by O. W. Wight.']","['1859.', '1859.']","['Houghton, Mifflin and company,', 'Houghton, Mifflin and company,']","['Boston,', 'Boston,']","['eng', 'eng']"
DLXS,990003702270106381,ABP8059.0001.001,"['title', 'fuzz_score: 85']","['Jarves, James Jackson, 1818-1888.', ' Jarves, James Jackson, 1818-1888.']","['Parisian sights and French principles : seen through American spectacles /', 'Parisian sights and French principles, 2d series. seen through American spectacles. By James Jackson Jarves.']","['1855.', '1855.']","['Harper & brothers,', 'Harper & brothers,']","['New York :', 'New York,']","['eng', 'eng']"
DLXS,990004380740106381,ABW7003.0001.001,"['title', 'fuzz_score: 88']","['Holland, Richard George.', ' Holland, Richard George.']","['Winter : a poem /', 'Winter: a poem, by Richard George Holland.']","['1853.', '1853.']","['J. H. Riley & co.,', 'J. H. Riley & co.,']","['Columbus :', 'Columbus,']","['eng', 'eng']"
DLXS,990004488070106381,ABX7877.0001.001,"['title', 'fuzz_score: 86']","['Longfellow, Henry Wadsworth, 1807-1882.', ' Longfellow, Henry Wadsworth, 1807-1882.']","['Poems /', 'Poems, by Henry Wadsworth Longfellow.']","['1853.', '1853.']","['Ticknor, Reed & Fields,', 'Ticknor, Reed & Fields,']","['Boston :', 'Boston,']","['eng', 'eng']"
DLXS,990004488490106381,ABX7919.0001.001,"['title', 'fuzz_score: 84']","['Holmes, Oliver Wendell, 1809-1894.', ' Holmes, Oliver Wendell, 1809-1894.']","['The iron gate and other poems /', 'The iron gate,:  & other poems./ By Oliver Wendell Holmes.']","['1880.', '1880.']","['Houghton, Mifflin & Co.,', 'Houghton, Mifflin & co.,']","['Boston :', 'Boston,']","['eng', 'eng']"
DLXS,990004488800106381,ABX7950.0001.001,"['title', 'fuzz_score: 86']","['Holmes, Oliver Wendell, 1809-1894.', ' Holmes, Oliver Wendell, 1809-1894.']","['Poems /', 'Poems, by Oliver Wendell Holmes.']","['1861.', '1861.']","['Ticknor and Fields,', 'Ticknor and Fields,']","['Boston :', 'Boston,']","['eng', 'eng']"
DLXS,990004490530106381,ABX8123.0001.001,"['title', 'fuzz_score: 86']","['Longfellow, Henry Wadsworth, 1807-1882.', ' Longfellow, Henry Wadsworth, 1807-1882.']","['Poems /', 'Poems, by Henry Wadsworth Longfellow.']","['1863.', '1863.']","['Ticknor and Fields,', 'Ticknor and Fields,']","['Boston :', 'Boston,']","['eng', 'eng']"
DLXS,990004490530106381,ABX8123.0002.001,"['title', 'fuzz_score: 86']","['Longfellow, Henry Wadsworth, 1807-1882.', ' Longfellow, Henry Wadsworth, 1807-1882.']","['Poems /', 'Poems, by Henry Wadsworth Longfellow.']","['1863.', '1863.']","['Ticknor and Fields,', 'Ticknor and Fields,']","['Boston :', 'Boston,']","['eng', 'eng']"
DLXS,990004494330106381,ABX8506.0001.001,"['title', 'fuzz_score: 78']","['Helps, Arthur, Sir, 1813-1875.', ' Helps, Arthur, Sir, 1813-1875.']","['Friends in council : a series of readings and discourse theron.', 'Friends in council: A new series ... a series of readings and discourse theron.']","['[187-?]', '[187-?]']","['J. Miller,', 'J. Miller']","['New York :', 'New York,']","['eng', 'eng']"
DLXS,990004494330106381,ABX8506.0002.001,"['title', 'fuzz_score: 78']","['Helps, Arthur, Sir, 1813-1875.', ' Helps, Arthur, Sir, 1813-1875.']","['Friends in council : a series of readings and discourse theron.', 'Friends in council: A new series ... a series of readings and discourse theron.']","['[187-?]', '[187-?]']","['J. Miller,', 'J. Miller']","['New York :', 'New York,']","['eng', 'eng']"
DLXS,990004500280106381,ABX9103.0001.001,"['title', 'fuzz_score: 86']","['Holcombe, William H. (William Henry), 1825-1893.', ' Holcombe, William H. (William Henry), 1825-1893.']","['Poems /', 'Poems. By William H. Holcombe, M. D.']","['1860.', '1860.']","['Mason brothers,', 'Mason brothers,']","['New York :', 'New York,']","['eng', 'eng']"
DLXS,990004503810106381,ABX9458.0001.001,"['title', 'fuzz_score: 86']","['Tuckerman, Henry T. (Henry Theodore), 1813-1871.', ' Tuckerman, Henry T. (Henry Theodore), 1813-1871.']","['Poems /', 'Poems, by Henry Theodore Tuckerman.']","['1851.', '1851.']","['Ticknor, Reed, and Fields,', 'Ticknor, Reed, and Fields,']","['Boston :', 'Boston,']","['eng', 'eng']"
DLXS,990004728830106381,ACA2314.0001.001,['date'],"['Davis, Andrew Jackson, 1826-1910.', ' Davis, Andrew Jackson, 1826-1910.']","['Memoranda of persons, places, and events : embracing authentic facts, visions, impressions, discoveries, in magnetism, clairvoyance, spiritualism. Also quotations from the opposition /', 'Memoranda of persons, places, and events; embracing authentic facts, visions, impressions, discoveries, in magnetism, clairvoyance, spiritualism. Also quotations from the opposition. By Andrew Jackson Davis, with an appendix, containing Zschokke\'s great story of ""Hortensia"" vividly portraying the wide difference between the ordinary state and that of clairvoyance.']","['1968.', '1868.']","['W. White & Co.;', 'W. White & Co.;']","['Boston :', 'Boston,']","['eng', 'eng']"
DLXS,990005393560106381,ACH0070.0001.001,['date'],"['Dana, Richard Henry, 1787-1879.', ' Dana, Richard Henry, 1787-1879.']","['Poems and prose writings', 'Poems and prose writings: ']","['1850.', '1830.']","['None', None]","['New York,', 'New York']","['eng', 'eng']"
DLXS,990005393560106381,ACH0070.0002.001,['date'],"['Dana, Richard Henry, 1787-1879.', ' Dana, Richard Henry, 1787-1879.']","['Poems and prose writings', 'Poems and prose writings: ']","['1850.', '1830.']","['None', None]","['New York,', 'New York']","['eng', 'eng']"
DLXS,990005577910106381,ACJ8819.0001.001,"['title', 'fuzz_score: 86']","['Emerson, Ralph Waldo, 1803-1882.', ' Emerson, Ralph Waldo, 1803-1882.']","['Essays.', 'Essays, 2nd series.']","['1867.', '1867.']","['Ticknor & Fields,', 'Ticknor & Fields,']","['Boston :', 'Boston:']","['eng', 'eng']"
DLXS,990005587840106381,ACJ9822.0001.001,"['title', 'fuzz_score: 88']","['Tennyson, Alfred Tennyson, Baron, 1809-1892.', ' Tennyson, Alfred Tennyson, Baron, 1809-1892.']","['The Holy Grail and other poems /', 'The Holy Grail & other poems, by Alfred Tennyson.']","['1870.', '1870.']","['Fields, Osgood & Co.,', 'Fields, Osgood & Co.,']","['Boston :', 'Boston,']","['eng', 'eng']"
DLXS,990005912760106381,ACN2787.0001.001,"['title', 'fuzz_score: 80']","['Arnott, Neil, 1788-1874.', ' Arnott, Neil, 1788-1874.']","['Elements of physics; or, Natural philosophy, general and medical. : Comoprised in five parts.', 'Elements of physics; or, Natural philosophy, general and medical. 1. Somatology, statics, and dynamics. Comoprised in five parts: By Neill Arnott.']","['1856.', '1856.']","['Blanchard & Lea,', 'Blanchard & Lea,']","['Philadelphia :', 'Philadelphia,']","['eng', 'eng']"
ALMA,990006294520106381,ACS1491.0001.001,"['title', 'fuzz_score: 64']","['Longfellow, Henry Wadsworth, 1807-1882.', ' Longfellow, Henry Wadsworth, 1807-1882.']","['In the harbor. Ultima Thule.', 'In the harbor. Part II./:  Ultima Thule. By Henry Wadsworth Longfellow.']","['1882.', '1882.']","['Houghton, Mifflin and company,', 'Houghton, Mifflin and company,']","['Boston,', 'Boston,']","['eng', 'eng']"
DLXS,99187366606806381,ADH4114.0001.001,['date'],"['None', ' Denslow, Van Buren, 1834-1902.']","['Principles of the economic philosophy of society, government, and industry, by Van Buren Denslow, LL.D', 'Principles of the economic philosophy of society, government, and industry, by Van Buren Denslow, LL.D.']","['None', '[c1888]']","['Cassell & company, lim', 'Cassell & company, lim.']","['', 'New York,']","['eng', 'eng']"
DLXS,990007796390106381,ADH5618.0001.001,"['title', 'fuzz_score: 86']","['Browning, Robert, 1812-1889.', ' Browning, Robert, 1812-1889.']","['Poems /', 'Poems, by Robert Browning.']","['1863.', '1863.']","['Ticknor and Fields,', 'Ticknor and Fields,']","['Boston :', 'Boston,']","['eng', 'eng']"
DLXS,990007812910106381,ADH7289.0001.001,"['title', 'fuzz_score: 87']","['Jenkins, Edward, 1838-1910.', ' Jenkins, Edward, 1838-1910.']","[""Ginx's baby : his birth and other misfortunes : a satire."", ""Ginx's baby: his birth & other misfortunes. A satire.""]","['1871.', '1871.']","['James R. Osgood & Co.,', 'J. R. Osgood & co.,']","['Boston :', 'Boston,']","['eng', 'eng']"
DLXS,990007822590106381,ADH8271.0001.001,"['title', 'fuzz_score: 89']","['Aimwell, Walter, 1822-1859.', ' Simonds, William, 1822-1859.']","['Marcus : or, The boy-tamer /', 'Marcus; or, The boy-tamer. By Walter Aimwell [pseud.]']","['1858.', '1858.']","['Gould and Lincoln;', 'Gould and Lincoln;']","['Boston :', 'Boston,']","['eng', 'eng']"
DLXS,990007826230106381,ADH8639.0001.001,"['title', 'fuzz_score: 86']","['Smith, Alexander, 1830?-1867.', ' Smith, Alexander, 1830?-1867.']","['Poems /', 'Poems. By Alexander Smith.']","['1853.', '1853.']","['Ticknor, Reed, and Fields,', 'Ticknor, Reed, and Fields,']","['Boston :', 'Boston,']","['eng', 'eng']"
DLXS,990007827920106381,ADH8808.0001.001,"['title', 'fuzz_score: 86']","['Tennyson, Alfred Tennyson, Baron, 1809-1892.', ' Tennyson, Alfred Tennyson, Baron, 1809-1892.']","['Poems /', 'Poems, by Alfred Tennyson.']","['1851.', '1851.']","['Ticknor, Reed, and Fields,', 'Ticknor, Reed, and Fields,']","['Boston :', 'Boston,']","['eng', 'eng']"
DLXS,990007827920106381,ADH8808.0002.001,"['title', 'fuzz_score: 86']","['Tennyson, Alfred Tennyson, Baron, 1809-1892.', ' Tennyson, Alfred Tennyson, Baron, 1809-1892.']","['Poems /', 'Poems, by Alfred Tennyson.']","['1851.', '1851.']","['Ticknor, Reed, and Fields,', 'Ticknor, Reed, and Fields,']","['Boston :', 'Boston,']","['eng', 'eng']"
DLXS,990007845490106381,ADJ0587.0001.001,"['title', 'fuzz_score: 89']","['Warner, Susan, 1819-1885.', ' Warner, Susan, 1819-1885.']","['Queechy /', 'Queechy. By Elizabeth Wetherell [pseud.]']","['1852.', '1852.']","['G. P. Putnam,', 'G. P. Putnam,']","['New York :', 'New York,']","['eng', 'eng']"
DLXS,990007849530106381,ADJ0994.0001.001,['language'],"['Boucicault, Dion, 1820-1890.', 'Boucicault, Dion, 1820-1890.']","['Jessie Brown : or, The relief of Lucknow. A drama, in three acts. (Founded on an episode in the Indian rebellion.) /', 'Jessie Brown; or, The relief of Lucknow.  A drama, in three acts.  (Founded on an episode in the Indian rebellion.) By Dion Boucicault.']","['c1858.', 'c1858.']","['S. French,', 'S. French,']","['New York :', 'New York,']","['eng', None]"
DLXS,990008121700106381,ADL8373.0001.001,['date'],"['Fetridge, W. Pembroke (William Pembroke) http://id.loc.gov/authorities/names/n90643506 http://viaf.org/viaf/17525623', ' Fetridge, William Pembroke.']","[""The American travellers' guides. : Hand-books for travellers in Europe and the East, being a guide through Great Britain and Ireland, France, Belgium, Holland, Germany, Austria, Italy, Egypt, Syria, Turkey, Greece, Switzerland, Tyrol, Denmark, Norway, Sweden, Russia, Spain, and Portugal /"", ""The American travellers' guides. Hand-books for travellers in Europe and the East, being a guide through Great Britain and Ireland, France, Belgium, Holland, Germany, Austria, Italy, Egypt, Syria, Turkey, Greece, Switzerland, Tyrol, Denmark, Norway, Sweden, Russia, Spain, and Portugal. By W. Pembroke Fetridge.""]","['186-', '186 -']","['Fetridge & co.; [etc., etc.],', 'Fetridge & co.; [etc., etc.]']","['New York :', 'New York,']","['eng', 'eng']"
DLXS,990008121700106381,ADL8373.0002.001,['date'],"['Fetridge, W. Pembroke (William Pembroke) http://id.loc.gov/authorities/names/n90643506 http://viaf.org/viaf/17525623', ' Fetridge, William Pembroke.']","[""The American travellers' guides. : Hand-books for travellers in Europe and the East, being a guide through Great Britain and Ireland, France, Belgium, Holland, Germany, Austria, Italy, Egypt, Syria, Turkey, Greece, Switzerland, Tyrol, Denmark, Norway, Sweden, Russia, Spain, and Portugal /"", ""The American travellers' guides. Hand-books for travellers in Europe and the East, being a guide through Great Britain and Ireland, France, Belgium, Holland, Germany, Austria, Italy, Egypt, Syria, Turkey, Greece, Switzerland, Tyrol, Denmark, Norway, Sweden, Russia, Spain, and Portugal. By W. Pembroke Fetridge.""]","['186-', '186 -']","['Fetridge & co.; [etc., etc.],', 'Fetridge & co.; [etc., etc.]']","['New York :', 'New York,']","['eng', 'eng']"
DLXS,990008121700106381,ADL8373.0003.001,['date'],"['Fetridge, W. Pembroke (William Pembroke) http://id.loc.gov/authorities/names/n90643506 http://viaf.org/viaf/17525623', ' Fetridge, William Pembroke.']","[""The American travellers' guides. : Hand-books for travellers in Europe and the East, being a guide through Great Britain and Ireland, France, Belgium, Holland, Germany, Austria, Italy, Egypt, Syria, Turkey, Greece, Switzerland, Tyrol, Denmark, Norway, Sweden, Russia, Spain, and Portugal /"", ""The American travellers' guides. Hand-books for travellers in Europe and the East, being a guide through Great Britain and Ireland, France, Belgium, Holland, Germany, Austria, Italy, Egypt, Syria, Turkey, Greece, Switzerland, Tyrol, Denmark, Norway, Sweden, Russia, Spain, and Portugal. By W. Pembroke Fetridge.""]","['186-', '186 -']","['Fetridge & co.; [etc., etc.],', 'Fetridge & co.; [etc., etc.]']","['New York :', 'New York,']","['eng', 'eng']"
DLXS - Not MOA,990008127390106381,ADL8983.0001.001,"['title', 'fuzz_score: 88']","['Collins, W. Lucas (William Lucas), 1815-1887.', ' Collins, William Lucas, 1817-1887.']","['Lucian /', 'Lucian; by the Rev. W. Lucas Collins.']","['1875.', '1875.']","['J. B. Lippincott & co.,', 'J. B. Lippincott & co.,']","['Philadelphia :', 'Philadelphia,']","['eng', 'eng']"
Incorrect,990008634870106381,ADS0461.0001.001,['date'],"['Michigan.', 'Michigan.']","['Charities and corrections in Michigan.', 'Charities and corrections in Michigan.']","['None', 'unknown']","['None', 'unknown']","[None, 'unknown']","['eng', 'eng']"
Incorrect,99187380584106381,ADU6773.1866.001,['date'],"['None', 'United States Naval Observatory.']","['Washington observations', 'Washington observations.']","['None', 'unknown']","['unknown', 'unknown']","['', 'unknown']","['eng', 'eng']"
DLXS,990009473840106381,AEA5454.0001.001,['date'],"['Bigelow, Jacob, 1786-1879 1786-1879.', None]","['Eolopoesis : American rejected addresses.', 'Eolopoesis. American rejected addresses.']","['c1855].', 'c1855]']","['J. C. Derby ; Boston, Phillips, Sampson, & co.; [etc., etc.,', 'J. C. Derby: Boston, Phillips, Sampson, & co.; [etc., etc.,']","['New York :', 'New York,']","['eng', 'eng']"
DLXS,990047595800106381,AEB0813.0001.001,['date_range'],"['Lonigan, Edna, 1895-', 'Lonigan, Edna.']","['Unemployment in New York City an estimate of the number unemployed in December, 1930 /', 'Unemployment in New York city; an estimate of the number unemployed in December, 1930,']","['1931.', '1931.']","['Research bureau, Welfare Council of New York City,', 'Research bureau, Welfare council of New York city,']","['[New York] :', '[New York]']","['eng', 'eng']"
DLXS,99187357620806381,AEC2757.0001.001,['date'],"['None', 'United States. Army.']","['Report on the transportation route along the Wisconsin and Fox rivers, in the state of Wisconsin, between the Mississippi river and lake Michigan', 'Report on the transportation route along the Wisconsin and Fox rivers, in the state of Wisconsin, between the Mississippi river and lake Michigan.']","['None', '1876.']","['Govt. print. off.', 'Govt. print. off.,']","['', 'Washington,']","['eng', 'eng']"
DLXS - Not MOA,990010323490106381,AEK2825.0001.001,['date'],"['Moore, Clement Clarke, 1779-1863.', ' Moore, Clement Clarke, 1779-1863.']","['The night before Christmas', 'The night before Christmas:  by Clement C. Moore ; illustrated by Arthur Rackham.']","['[1954?]', '[1954?].']","['J. B. Lippincott,', 'J. B. Lippincott,']","['Philadelphia, Pa. :', 'Philadelphia, Pa. :']","['eng', 'eng']"
DLXS,990011087560106381,AET0637.0001.001,['date'],"['New York, New Jersey Port and Harbor Development Commission.', 'New York, New Jersey Port and Harbor Development Commission.']","['Preliminary report of counsel to accompany the tentative draft of proposed treaty amendatory and supplementary to the New York-New Jersey treaty of 1834 /', 'Preliminary report of counsel to accompany the tentative draft of proposed treaty amendatory and supplementary to the New York-New Jersey treaty of 1834 / ew York, New Jersey Port and Harbor Development Commission.']","['[1918]', '[1918].']","['The Commission,', 'The Commission,']","['[New York] :', '[New York] :']","['eng', 'eng']"
DLXS,99187388076106381,AET7178.0001.001,['date'],"['None', 'New Jersey Geological Survey.']","['Geology of New Jersey', 'Geology of New Jersey.']","['None', '1868.']","['None', 'Daily Advertiser Off.,']","['Newark [N.J.]', 'Newark,']","['eng', 'eng']"
DLXS,99187292705606381,AET7180.0001.001,['date'],"['None', 'New Jersey Geological Survey.']","['Geology of the county of Cape May, state of New Jersey', 'Geology of the county of Cape May, state of New Jersey.']","['None', '1857.']","['None', 'Printed at the office of the True American,']","['Trenton [N.J.]', 'Trenton,']","['eng', 'eng']"
DLXS,990000679820106381,AET7497.0001.001,['date'],"['United States. Department of the Treasury.', 'United States. Dept. of the Treasury.']","['Statistics of mines and mining in the states and territories west of the Rocky Mountains ; being the [1st-8th] annual report of Rossiter W. Raymond, U.S. commissioner of mining statistics.', 'Statistics of mines and mining in the states and territories west of the Rocky Mountains; being the [1st-8th] annual report of Rossiter W. Raymond, U. S. commissioner of mining statistics.']","['1869-1877.', '1869-77.']","['Govt. Print. Off,', ""Gov't print. off.,""]","['Washington :', 'Washington,']","['eng', 'eng']"
DLXS - Not MOA,990011276280106381,AEV0539.0001.001,['date_range'],"['Nevins, Allan, 1890-1971.', 'Nevins, Allan, 1890-1971.']","['History of the Bank of New York and Trust Company, 1784 to 1934 /', 'History of the Bank of New York and Trust Company, 1784 to 1934 / Allan Nevins.']","['1934.', '1934.']","['Bank of New York and Trust Company,', 'Bank of New York and Trust Company,']","['New York :', 'New York :']","['eng', 'eng']"
Incorrect,990011308870106381,AEV3948.0001.001,['date_range'],"['Child, Lydia Maria, 1802-1880.', ' Child, Lydia Maria Francis, 1802-1880.']","['The right way the safe way : proved by emancipation in the British West Indies, and elsewhere /', 'The right way the safe way, proved by emancipation in the British West Indies, and elsewhere / by L. Maria Child.']","['1969.', '1969.']","['Negro Universities Press,', 'Negro Universities Press,']","['New York :', 'New York :']","['eng', 'eng']"
DLXS,990011319750106381,AEV5136.0001.001,['language'],"['New York (N.Y.). Department of Public Welfare.', 'New York (N.Y.).']","[""Humanizing the greater city's charity; the work of the Department of public charities of the city of New York."", ""Humanizing the greater city's charity; the work of the Department of public charities of the city of New York.""]","['1917.', '1917.']","['Public welfare committee,', 'Public welfare committee,']","['New York,', 'New York,']","['|||', 'fill']"
DLXS,990011370300106381,AEW0523.0001.001,['language'],"['Noyes, John Humphrey, 1811-1886.', ' Noyes, John Humphrey, 1811-1886.']","['History of American socialisms.', 'History of American socialisms.:  by John Humphrey Noyes.']","['1870.', '1870.']","['Lippincott,', 'Lippincott,']","['Philadelphia,', 'Philadelphia,']","['|||', 'fill']"
DLXS,990011601670106381,AEY4217.0002.001,['language'],"['Thomas, Isaiah, 1749-1831.', ' Thomas, Isaiah, 1749-1831.']","['The history of printing in America, with a biography of printers, and an account of newspapers', 'The history of printing in America, with a biography of printers, and an account of newspapers ... By Isaiah Thomas ...']","['1874.', '1874.']","['J. Munsell, printer,', 'J. Munsell, printer,']","['Albany, N. Y.,', 'Albany, N. Y.,']","['eng', 'English']"
DLXS ,990011874090106381,AFB2013.0001.001,['date'],"['Tourgée, Albion W., 1838-1905.', ' Tourgée, Albion Winegar, 1838-1905.']","[""A fool's errand."", ""A fool's errand.""]","['c1880.', '1880.']","['Fords, Howard, & Hulbert,', 'Fords, Howard, & Hulbert,']","['New York [N.Y.] :', 'New York,']","['eng', 'eng']"
DLXS - Not MOA,990012150850106381,AFD9937.0001.001,"['title', 'fuzz_score: 89']","['Besant, Walter, 1836-1901.', ' Besant, Walter, Sir, 1836-1901.']","['Rabelais /', 'Rabelais.']","['[1879]', '[1879]']","['J. B. Lippincott & co.,', 'J. B. Lippincott & co.']","['Philadelphia :', 'Philadelphia,']","['eng', 'eng']"
DLXS,990012626190106381,AFJ8085.0001.001,['language'],"['Moss, Frank, 1860-1920.', 'Moss, Frank, 1860-1920.']","['The American metropolis, from Knickerbocker days to the present time; : New York City life in all its various phases, /', 'The American metropolis, from Knickerbocker days to the present time; : New York City life in all its various phases, / by Frank Moss. With an introd. by Rev. Charles H. Parkhurst, an historiograph of New York.']","['1897.', '1897.']","['P.F. Collier,', 'P.F. Collier,']","['New York, :', 'New York, :']","['|||', 'fill']"
DLXS,990012626190106381,AFJ8085.0002.001,['language'],"['Moss, Frank, 1860-1920.', 'Moss, Frank, 1860-1920.']","['The American metropolis, from Knickerbocker days to the present time; : New York City life in all its various phases, /', 'The American metropolis, from Knickerbocker days to the present time; : New York City life in all its various phases, / by Frank Moss. With an introd. by Rev. Charles H. Parkhurst, an historiograph of New York.']","['1897.', '1897.']","['P.F. Collier,', 'P.F. Collier,']","['New York, :', 'New York, :']","['|||', 'fill']"
DLXS,990012626190106381,AFJ8085.0003.001,['language'],"['Moss, Frank, 1860-1920.', 'Moss, Frank, 1860-1920.']","['The American metropolis, from Knickerbocker days to the present time; : New York City life in all its various phases, /', 'The American metropolis, from Knickerbocker days to the present time; : New York City life in all its various phases, / by Frank Moss. With an introd. by Rev. Charles H. Parkhurst, an historiograph of New York.']","['1897.', '1897.']","['P.F. Collier,', 'P.F. Collier,']","['New York, :', 'New York, :']","['|||', 'fill']"
DLXS,990012626820106381,AFJ8148.0001.001,['language'],"['Smith, Matthew Hale, 1810-1879.', ' Smith, Matthew Hale, 1810-1879.']","['Sunshine and shadow in New York.', 'Sunshine and shadow in New York.:  By Matthew Hale Smith. (Burleigh.)']","['1869.', '1869.']","['J.B. Burr,', 'J.B. Burr,']","['Hartford,', 'Hartford,']","['|||', 'fill']"
DLXS,990012628170106381,AFJ8285.0001.001,['language'],"['Ovington, Mary White, 1865-1951.', 'Ovington, Mary White, 1865-1951.']","['Half a man : the status of the negro in New York /', 'Half a man : the status of the negro in New York / by Mary White Ovington ; with a foreword by Dr. Franz Boas.']","['1911.', '1911.']","['Longmans, Green,', 'Longmans, Green,']","['New York :', 'New York :']","['ger', 'ger']"
DLXS,990012634070106381,AFJ8891.0001.001,['language'],"['Mackie, J. Milton (John Milton), 1813-1894.', ' Mackie, J. Milton (John Milton), 1813-1894.']","['From Cape Cod to Dixie and the tropics.', 'From Cape Cod to Dixie and the tropics.:  By J. Milton Mackie.']","['1864.', '1864.']","['G.P. Putnam,', 'G.P. Putnam,']","['New York,', 'New York,']","['|||', 'fill']"
DLXS,990012710700106381,AFK6713.0001.001,['date'],"['Warren, T. Robinson (Thomas Robinson), 1828-1915.', ' Warren, Thomas Robinson, 1828-1915.']","[""Dust and foam; or, Three oceans and two continents; : being ten years' wanderings in Mexico, South America, Sandwich Islands, the East and West Indies, China, Philippines, Australia and Polynesia. /"", 'Dust and foam; or, Three oceans and two continents.']","['MDCCCLIX. [1859]', '1859.']","['Charles Scribner, 124 Grand Street. ;', 'C. Scribner,']","['New York: :', 'New York,']","['eng', 'eng']"
DLXS,990012715990106381,AFK7244.0001.001,['language'],"['Kane, Elisha Kent, 1820-1857.', ' Kane, Elisha Kent, 1820-1857.']","['Arctic explorations The second Grinnell expedtion in search of Sir John Franklin, 1853,54,55 /', 'Arctic explorations:  The second Grinnell expedtion in search of Sir John Franklin, 1853,54,55 / by Elisha Kent Kane ... illustrated by upwards of three hundred engravings, from sketches by the author.']","['1857.', '1857.']","['Childs & Peterson,', 'Childs & Peterson,']","['Philadelphia :', 'Philadelphia :']","['eng', 'fill']"
DLXS,990012715990106381,AFK7244.0002.001,['language'],"['Kane, Elisha Kent, 1820-1857.', ' Kane, Elisha Kent, 1820-1857.']","['Arctic explorations The second Grinnell expedtion in search of Sir John Franklin, 1853,54,55 /', 'Arctic explorations:  The second Grinnell expedtion in search of Sir John Franklin, 1853,54,55 / by Elisha Kent Kane ... illustrated by upwards of three hundred engravings, from sketches by the author.']","['1857.', '1857.']","['Childs & Peterson,', 'Childs & Peterson,']","['Philadelphia :', 'Philadelphia :']","['eng', 'fill']"
DLXS,990013067390106381,AFP3689.0001.001,"['title', 'fuzz_score: 82']","['United States. Census Office. 7th census, 1850.', 'United States. Census Office.']","['Mortality statistics of the seventh census of the United States, 1850 : embracing I. The cause of death. II. The age and sex. III. The color and conditions. IV. The nativity. V. The season of disease. VI. The duration of illness. VII. The occupation : of the persons reported to have died in the twelve months preceding the first of June of that year ; with sundry comparative and illustrative tables /', 'Mortality statistics of the seventh census of the United States, 1850... By J. D. B. DeBow.']","['1855.', '1855.']","['A.O.P. Nicholson,', 'Nicholson,']","['Washington, D.C. :', 'Washington :']","['eng', 'eng']"
Incorrect,990014000760106381,AFZ0145.0001.001,"['title', 'fuzz_score: 86']","['Scott, W. A. (William Anderson), 1813-1885.', ' Scott, W. A. (William Anderson), 1813-1885.']","['Esther.', 'Esther;']","['1859.', '1859.']","['H. H. Bancroft & co.,', 'H. H. Bancroft & co.,']","['San Fransico :', 'San Fransico,']","['eng', 'eng']"
DLXS,990014127360106381,AGA2959.0001.001,['language'],"['Taylor, Isaac, 1787-1865.', ' Taylor, Isaac, 1787-1865.']","['Physical theory of another life', 'Physical theory of another life: ']","['1853.', '1853.']","['W. Gowans,', 'W. Gowans,']","['New York,', 'New York,']","['|||', 'fill']"
DLXS,990014131560106381,AGA3381.0001.001,"['title', 'fuzz_score: 88']","['Parker, Theodore, 1810-1860.', ' Parker, Theodore, 1810-1860.']","['Prayers.', 'Prayers,']","['1862.', '1862.']","['Walker, Wise and company,', 'Walker, Wise and company,']","['Boston :', 'Boston,']","['eng', 'eng']"
DLXS,990014656350106381,AGF7632.1870.001,['date'],"['National Baptist Educational Convention.', 'National Baptist educational convention.']","['Proceedings', 'Proceedings: ']","['[1870]-1872.', '[1870]-']","['None', None]","['New York,', 'New York']","['eng', 'eng']"
DLXS,990014656350106381,AGF7632.1872.001,['date'],"['National Baptist Educational Convention.', 'National Baptist educational convention.']","['Proceedings', 'Proceedings: ']","['[1870]-1872.', '[1870]-']","['None', None]","['New York,', 'New York']","['eng', 'eng']"
DLXS,99187386537206381,AGH6498.0001.001,['date'],"['None', ' Davis, John, Rev.']","['Elements of astronomy ...', 'Elements of astronomy ...']","['None', '1868.']","['J. B. Lippincott & co.', 'J. B. Lippincott & co.,']","['', 'Philadelphia,']","['eng', 'eng']"
DLXS,990014876820106381,AGJ0483.0001.001,"['title', 'fuzz_score: 88']","['Moore, Nathaniel Fish, 1782-1872.', ' Moore, Nathaniel Fish, 1782-1872.']","['Ancient mineralogy : or /', 'Ancient mineralogy; or, An inquiry respecting mineral substances mentioned by the ancients: with occassional remarks on the uses to which they were applied.']","['1859.', '1859.']","['Harper & brothers,', 'Harper & brothers,']","['New York :', 'New York,']","['eng', 'eng']"
DLXS - Not MOA,990015065830106381,AGK9973.0001.001,['date_range'],"['Olmsted, Frederick Law, 1822-1903.', 'Olmsted, Frederick Law, 1822-1903.']","[""Landscape into cityscape; Frederick Law Olmsted's plans for a greater New York City."", ""Landscape into cityscape; Frederick Law Olmsted's plans for a greater New York City. Edited with an introductory essay and notes by Albert Fein.""]","['[1968, c1967]', '[1968, c1967]']","['Cornell University Press', 'Cornell University Press']","['Ithaca, N.Y.,', 'Ithaca, N.Y.,']","['eng', 'eng']"
DLXS,990015196560106381,AGM3453.0001.001,"['title', 'fuzz_score: 86']","['Smith, Edward, 1818?-1874.', ' Smith, Edward, 1818?-1874.']","['Foods /', 'Foods, by Edward Smith, ... .']","['1873.', '1873.']","['D. Appleton & Co.,', 'D. Appleton & Co.,']","['New York :', 'New York,']","['eng', 'eng']"
DLXS,990015196620106381,AGM3461.0001.001,"['title', 'fuzz_score: 86']","['Smith, Edward, 1818?-1874.', ' Smith, Edward, 1818?-1874.']","['Foods /', 'Foods. By Edward Smith ...']","['1876.', '1876.']","['Appleton & co.,', 'Appleton & co.,']","['New York :', 'New York,']","['eng', 'eng']"
DLXS,99187357619906381,AGM5530.0001.001,['date'],"['None', 'Mississippi Geological, Economic, and Topographical Survey.']","['Report on the geology and agriculture of the state of Mississippi: by Eug. W. Hilgard, PH. D., state geologist. Printed by order of the legislature', 'Report on the geology and agriculture of the state of Mississippi: by Eug. W. Hilgard, PH. D., state geologist. Printed by order of the legislature.']","['None', '1860.']","['E. Barksdale, state printer', 'E. Barksdale, state printer,']","['', 'Jackson,']","['eng', 'eng']"
DLXS,99187410899806381,AGM9470.0001.001,['date'],"['None', 'Shelden mining company.']","['Articles of association and by-laws of the Shelden mining co. of Lake Superior', 'Articles of association and by-laws of the Shelden mining co. of Lake Superior.']","['None', '1854.']","[""E.B. Clayton's sons, printers"", ""E.B. Clayton's sons, printers,""]","['', 'New-York,']","['eng', 'eng']"
Incorrect,990035360360106381,AHA2371.0003.001,['date'],"['Great Britain. Laws, statutes, etc., 1694-1702 (William III)', 'Great Britain.']","['An act for reversing the attainder of Jacob Leisler and others.', 'An act for reversing the attainder of Jacob Leisler and others.']","['None', 'unknown']","['None', 'unknown']","[None, 'unknown']","['eng', 'eng']"
Incorrect,990016443060106381,AHA2375.0002.001,['date'],"[""O'Callaghan, E. B. (Edmund Bailey), 1797-1880."", "" O'Callaghan, E. B. (Edmund Bailey), 1797-1880.""]","['Papers relating to western New-York.', 'Papers relating to western New-York.']","['None', 'unknown']","['None', 'unknown']","[None, 'unknown']","['eng', 'eng']"
DLXS - Not MOA,990016595760106381,AHB9292.0010.001,['language'],"['Lachèvre, Frédéric, 1855-1943.', ' Lachèvre, Frédéric, 1855-1943.']","['Les successeurs de Cyrano de Bergerac,.', 'Les successeurs de Cyrano de Bergerac,']","['1922.', '1922.']","['É. Champion,', 'É. Champion,']","['Paris, :', 'Paris,']","['fre', 'fre']"
Incorrect,990016612510106381,AHC1324.0003.001,"['date', 'language']","['Bartlet, William Stoodley, 1809-1883.', ' Bartlet, William S. (William Stoodley), 1809-1883.']","['A contribution to the history of Bath.', 'A contribution to the history of Bath.']","['None', 'unknown']","['None', 'unknown']","[None, 'unknown']","['|||', 'fill']"
DLXS,99187388084106381,AHJ3598.0002.001,['date'],"['None', 'Scudder, Horace Elisha, ed. 1838-1902.']","['The Riverside magazine for young people', 'The Riverside magazine for young people.']","['None', '1868-70.']","['None', 'Hurd and Houghton,']","['New York', 'New York,']","['eng', 'eng']"
Incorrect,990017209440106381,AHJ4772.0001.001,['date'],"['United States Association of Charcoal Iron Workers.', 'United States association of charcoal iron workers.']","['Journal of the United States association of charcoal iron workers.', 'Journal of the United States association of charcoal iron workers.  [Vol. 1]']","['1880-', '1880']","['None', None]","['Harrisburg [etc.],', 'Harrisburg [etc.],']","['eng', 'eng']"
DLXS,990017209440106381,AHJ4772.0001.002,['date'],"['United States Association of Charcoal Iron Workers.', 'United States association of charcoal iron workers.']","['Journal of the United States association of charcoal iron workers.', 'Journal of the United States association of charcoal iron workers.  [Vol. 2]']","['1880-', '1881']","['None', None]","['Harrisburg [etc.],', 'Harrisburg [etc.],']","['eng', 'eng']"
DLXS,990017209440106381,AHJ4772.0001.003,['date'],"['United States Association of Charcoal Iron Workers.', 'United States association of charcoal iron workers.']","['Journal of the United States association of charcoal iron workers.', 'Journal of the United States association of charcoal iron workers.  [Vol. 3]']","['1880-', '1882']","['None', None]","['Harrisburg [etc.],', 'Harrisburg [etc.],']","['eng', 'eng']"
DLXS,990017209440106381,AHJ4772.0001.004,['date'],"['United States Association of Charcoal Iron Workers.', 'United States association of charcoal iron workers.']","['Journal of the United States association of charcoal iron workers.', 'Journal of the United States association of charcoal iron workers.  [Vol. 4]']","['1880-', '1883']","['None', None]","['Harrisburg [etc.],', 'Harrisburg [etc.],']","['eng', 'eng']"
DLXS,990017209440106381,AHJ4772.0001.005,['date'],"['United States Association of Charcoal Iron Workers.', 'United States association of charcoal iron workers.']","['Journal of the United States association of charcoal iron workers.', 'Journal of the United States association of charcoal iron workers.  [Vol. 5]']","['1880-', '1884']","['None', None]","['Harrisburg [etc.],', 'Harrisburg [etc.],']","['eng', 'eng']"
DLXS,990017209440106381,AHJ4772.0001.006,['date'],"['United States Association of Charcoal Iron Workers.', 'United States association of charcoal iron workers.']","['Journal of the United States association of charcoal iron workers.', 'Journal of the United States association of charcoal iron workers.  [Vol. 6]']","['1880-', '1885']","['None', None]","['Harrisburg [etc.],', 'Harrisburg [etc.],']","['eng', 'eng']"
DLXS,990017209440106381,AHJ4772.0001.007,['date'],"['United States Association of Charcoal Iron Workers.', 'United States association of charcoal iron workers.']","['Journal of the United States association of charcoal iron workers.', 'Journal of the United States association of charcoal iron workers.  [Vol. 7]']","['1880-', '1886']","['None', None]","['Harrisburg [etc.],', 'Harrisburg [etc.],']","['eng', 'eng']"
DLXS,990017209440106381,AHJ4772.0001.008,['date'],"['United States Association of Charcoal Iron Workers.', 'United States association of charcoal iron workers.']","['Journal of the United States association of charcoal iron workers.', 'Journal of the United States association of charcoal iron workers.  [Vol. 8]']","['1880-', '1888']","['None', None]","['Harrisburg [etc.],', 'Harrisburg [etc.],']","['eng', 'eng']"
DLXS,990017209440106381,AHJ4772.0001.009,['date'],"['United States Association of Charcoal Iron Workers.', 'United States association of charcoal iron workers.']","['Journal of the United States association of charcoal iron workers.', 'Journal of the United States association of charcoal iron workers.  [Vol. 9]']","['1880-', '1891']","['None', None]","['Harrisburg [etc.],', 'Harrisburg [etc.],']","['eng', 'eng']"
ALMA,990017420440106381,AHL6707.0001.001,"['date', 'language']","['Clark, Rufus W. (Rufus Wheelwright), 1813-1886.', 'Clark, Rufus W.']","['The African slave trade.', ' The African slave trade. / Clark, Rufus W. ']","['[c1860]', 'Mexico, 15th Sept., 1829, A. D.']","['American tract society', 'American tract society']","['Boston,', 'Boston,']","['eng', 'Latin']"
DLXS,990017760430106381,AHQ2604.0001.001,"['title', 'fuzz_score: 79']","['Whittier, John Greenleaf, 1807-1892.', ' Whittier, John Greenleaf, 1807-1892.']","['Songs of labor, and other poems', 'Songs of labor ..: ']","['1856.', '1856.']","['Ticknor & Fields,', 'Tickner & Fields,']","['Boston :', 'Boston,']","['eng', 'eng']"
DLXS,990017761490106381,AHQ2714.0001.001,"['title', 'fuzz_score: 88']","['Willis, Nathaniel Parker, 1806-1867.', ' Willis, Nathaniel Parker, 1806-1867.']","['Melanie and other poems.', 'Melanie & other poems.:  By N.P. Willis...']","['1837.', '1837.']","['Saunders & Otley,', 'Saunders & Otley,']","['New York,', 'New York,']","['eng', 'eng']"
DLXS,990018195510106381,AHU6537.0001.001,['language'],"['Root, Minnie Maes.', ' Root, Minnie Maes, comp.']","[""Michigan's favorite college songs,"", ""Michigan's favorite college songs, edited by Roy Dickinson Welch, 1909, and Earl Vincent Moore, 1912 [compiled by Mrs. Minnie Maes Root]""]","['[c1921]', '[c1921]']","['University music house', 'University music house']","['Ann Arbor, Mich.,', 'Ann Arbor, Mich.,']","['eng', None]"
ALMA,990018455150106381,AHX2968.0001.001,"['title', 'fuzz_score: 88']","['Pindar.', ' Pindar.']","['Pindar /', 'Pindar. Tr. by the Rev. C. A. Wheelwright ... And Anacreon. Tr. by Thomas Bourne.']","['1864.', '1864.']","['Harper & brothers, publishers,', 'Harper & brothers, publishers,']","['New-York :', 'New-York,']","['eng', 'eng']"
DLXS,990018746180106381,AJA3021.0001.001,['language'],"['Goodsell, J. H. (James H.)', 'Goodsell, James H.']","['History of the great Chicago fire, October 8, 9, and 10, 1871 ..', 'History of the Great Chicago Fire, October 8, 9, and 10, 1871 / Goodsell, James H. ']","['1871.', None]","['J.H. and C.M. Goodsell,', 'J. H. and C. M. Goodsell,']","['New York,', 'New York,']","['eng', None]"
ALMA,990018853270106381,AJB4689.0001.001,"['title', 'fuzz_score: 76']","['None', 'Del Mar, Alexander, ed. 1836-1926.']","['The New York social science review: a quarterly journal of sociology, political economy, and statistics ...', 'The New York social science review: v. 1-2; Jan. 1865-Oct. 1866. a quarterly journal of sociology, political economy, and statistics ...']","['1866.', '1866.']","['Pub. for the proprietors,', 'Pub. for the proprietors,']","['New York,', 'New York,']","['eng', 'eng']"
ALMA,990019010630106381,AJD1284.0001.001,['date'],"['None', 'Bacher, William A., ed.']","['The Treasury star parade,', 'The Treasury star parade, edited by William A. Bacher, with an introduction by Henry Morgenthau, jr.']","['[1942]', '[1912]']","['Farrar & Rinehart, inc.', 'Farrar & Rinehart, inc.']","['New York,', 'New York,']","['eng', 'eng']"
DLXS,990035365490106381,AJD6910.0001.001,"['title', 'fuzz_score: 89']","['G.P. Putnam & Co.', 'G.P. Putnam & Co.']","[""Putnam's home cyclopedia in six volumes, each volume in itslef."", ""Putnam's home cyclopedia ...""]","['1852-1853.', '1852-1853.']","['G.P. Putnam,', 'G.P. Putnam,']","['New York, :', 'New York, :']","['eng', 'eng']"
DLXS,990035365490106381,AJD6910.0002.001,"['title', 'fuzz_score: 89']","['G.P. Putnam & Co.', 'G.P. Putnam & Co.']","[""Putnam's home cyclopedia in six volumes, each volume in itslef."", ""Putnam's home cyclopedia ...""]","['1852-1853.', '1852-1853.']","['G.P. Putnam,', 'G.P. Putnam,']","['New York, :', 'New York, :']","['eng', 'eng']"
DLXS,990035365490106381,AJD6910.0003.001,"['title', 'fuzz_score: 89']","['G.P. Putnam & Co.', 'G.P. Putnam & Co.']","[""Putnam's home cyclopedia in six volumes, each volume in itslef."", ""Putnam's home cyclopedia ...""]","['1852-1853.', '1852-1853.']","['G.P. Putnam,', 'G.P. Putnam,']","['New York, :', 'New York, :']","['eng', 'eng']"
DLXS,990035365490106381,AJD6910.0004.001,"['title', 'fuzz_score: 89']","['G.P. Putnam & Co.', 'G.P. Putnam & Co.']","[""Putnam's home cyclopedia in six volumes, each volume in itslef."", ""Putnam's home cyclopedia ...""]","['1852-1853.', '1852-1853.']","['G.P. Putnam,', 'G.P. Putnam,']","['New York, :', 'New York, :']","['eng', 'eng']"
DLXS,990035365490106381,AJD6910.0005.001,"['title', 'fuzz_score: 89']","['G.P. Putnam & Co.', 'G.P. Putnam & Co.']","[""Putnam's home cyclopedia in six volumes, each volume in itslef."", ""Putnam's home cyclopedia ...""]","['1852-1853.', '1852-1853.']","['G.P. Putnam,', 'G.P. Putnam,']","['New York, :', 'New York, :']","['eng', 'eng']"
DLXS,990019102420106381,AJE0695.0001.001,"['title', 'fuzz_score: 86']","['Holmes, Oliver Wendell, 1809-1894.', ' Holmes, Oliver Wendell, 1809-1894.']","['Poems /', 'Poems by Oliver Wendell Holmes...']","['1856.', '1856.']","['Ticknor and Fields,', 'Ticknor and Fields,']","['Boston :', 'Boston,']","['eng', 'eng']"
ALMA,990019112510106381,AJE1744.0001.001,"['title', 'fuzz_score: 80']","['Ruskin, John, 1819-1900.', ' Ruskin, John, 1819-1900.']","['Sesame and lilies. : Three lectures delivered in 1864 and 1868. /', ""Sesame and lilies. : I. Of kings' treasuries. Three lectures delivered in 1864 and 1868. / By John Ruskin ...""]","['1885.', '1885.']","['J.B. Alden,', 'J.B. Alden,']","['New York :', 'New York, :']","['eng', 'eng']"
DLXS,990019113580106381,AJE1858.0001.001,"['title', 'fuzz_score: 86']","['Saxe, John Godfrey, 1816-1887.', ' Saxe, John Godfrey, 1816-1887.']","['Poems /', 'Poems, by John G. Saxe ...']","['1861.', '1861.']","['Ticknor & Fields,', 'Ticknor & Fields,']","['Boston :', 'Boston,']","['eng', 'eng']"
Incorrect,990019113590106381,AJE1859.0001.001,"['title', 'fuzz_score: 86']","['Saxe, John Godfrey, 1816-1887.', ' Saxe, John Godfrey, 1816-1887.']","['Poems /', 'Poems, by John G. Saxe.']","['1864.', '1864.']","['Fields, Osgood, & co.,', 'Fields, Osgood, & co.,']","['Boston :', 'Boston,']","['eng', 'eng']"
DLXS,990019113600106381,AJE1860.0001.001,"['title', 'fuzz_score: 86']","['Saxe, John Godfrey, 1816-1887.', ' Saxe, John Godfrey, 1816-1887.']","['Poems /', 'Poems, by John G. Saxe ...']","['1869.', '1869.']","['Fields, Osgood, & co.,', 'Fields, Osgood, & co.,']","['Boston :', 'Boston,']","['eng', 'eng']"
DLXS,990019336670106381,AJG5102.0001.001,"['title', 'fuzz_score: 81']","['Hibbard, F. G. (Freeborn Garretson), 1811-1895.', ' Hibbard, Freeborn Garretson, 1811-1895.']","['Christian baptism in two parts.', 'Christian baptism Part first infant baptism.:  in two parts.']","['1851.', '1851.']","['Lane & Scott,', 'Lane & Scott,']","['New York,', 'New York,']","['eng', 'eng']"
DLXS,990019595190106381,AJK1318.0001.001,"['title', 'fuzz_score: 87']","['Goode, William, 1801-1868.', ' Goode, William, 1801-1868.']","['A vindication of the doctrine of the Church of England on the validity of the orders of the Scotch and foreign non-Episcopal churches : in three pamphlets on the subject. Containing.', 'A vindication of the doctrine of the Church of England on the validity of the orders of the Scotch and foreign non-Episcopal churches: I. A general review of the subject,:  in three pamphlets on the subject. Containing']","['1853.', '1853.']","['A.D.F. Randolph,', 'A.D.F. Randolph,']","['New York :', 'New York,']","['eng', 'eng']"
DLXS,990019608600106381,AJK2677.0001.001,"['title', 'fuzz_score: 89']","['Punshon, William Morley, 1824-1881.', ' Punshon, William Morley, 1824-1881.']","['Sermons /', 'Sermons by Rev. William Morley Punshon. To which is prefixed a plea for class-meetings, and an introduction by Rev. William H. Milburn.']","['1860.', '1860.']","['N. Tibbals & co.,', 'N. Tibbals & co.,']","['New York :', 'New York,']","['eng', 'eng']"
DLXS,990019613080106381,AJK3131.0001.001,"['title', 'fuzz_score: 77']","['Chalmers, Thomas, 1780-1847.', ' Chalmers, Thomas, 1780-1847.']","['Sermons and discourses : now completed by the introduction of his posthumous sermons /', 'Sermons and discourses, by Thomas Chalmers, D.D., LL.D., now completed by the introduction of his posthumous sermons....']","['1873.', '1873.']","['Robert Carter & Brothers,', 'R. Carter & brothers,']","['New York :', 'New York,']","['eng', 'eng']"
DLXS,990019617690106381,AJK3595.0001.001,"['title', 'fuzz_score: 83']","['Reformed Church in America. General Synod.', 'Reformed Church in America. General Synod.']","['The constitution of the Reformed church in America ... : Embracing the catechism, the compendium, the confession of faith, the canons of the synod of Dordrecht, and the liturgy. With an appendix, containing.', 'The constitution of the Reformed church in America ... I Formulas for the use of churches, Embracing the catechism, the compendium, the confession of faith, the canons of the synod of Dordrecht, and the liturgy. With an appendix, containing']","['[1869?]', '[1869?]']","['Board of publication,', 'Board of publication']","['New York :', 'New York,']","['eng', 'eng']"
Incorrect,990019751280106381,AJL7593.0001.001,['date'],"['Eliot, Charles William, 1834-1926.', ' Eliot, Charles William, 1834-1926.']","['A turning point in higher education;', 'A turning point in higher education; the inaugural address of Charles William Eliot as president of Harvard College, October 19, 1869. With an introd. by Nathan M. Pusey.']","['1969.', '1869.']","['Harvard University Press,', 'Harvard University Press,']","['Cambridge, Mass.,', 'Cambridge, Mass.,']","['eng', 'eng']"
ALMA,990019883240106381,AJN1715.0001.001,['date'],"['Tuttle, Hudson, 1836-1910.', ' Tuttle, Hudson, 1836-1910.']","['Arcana of nature : or, The history and laws of creation /', 'Arcana of nature; or, The history and laws of creation ... By Hudson Tuttle. With an appendix, by Datus Kelley ...']","['1870.', '1870, #.']","['William White & co.,', 'W. White & co.,']","['Boston :', 'Boston,']","['eng', 'eng']"
ALMA,990019883240106381,AJN1715.0002.001,['date'],"['Tuttle, Hudson, 1836-1910.', ' Tuttle, Hudson, 1836-1910.']","['Arcana of nature : or, The history and laws of creation /', 'Arcana of nature; or, The history and laws of creation ... By Hudson Tuttle. With an appendix, by Datus Kelley ...']","['1870.', '1870, #.']","['William White & co.,', 'W. White & co.,']","['Boston :', 'Boston,']","['eng', 'eng']"
ALMA,990019921590106381,AJN5886.0001.001,"['title', 'fuzz_score: 73']","['Liebig, Justus, Freiherr von, 1803-1873.', ' Liebig, Justus, Freiherr von, 1803-1873.']","[""Professor Liebig's complete works on chemistry... /"", 'Complete works on chemistry... By Justus Liebig...']","['[1850?]', '1858.']","['T.B. Peterson,', 'T.B. Peterson']","['Philadelphia :', 'Philadelphia,']","['eng', 'eng']"
ALMA,990019935900106381,AJN7436.0001.001,"['title', 'fuzz_score: 61']","['Miller, William Allen, 1817-1870.', ' Miller, William Allen, 1817-1870.']","['Elements of chemistry : theoretical and practical /', 'Elements of chemistry: Part I-[III]. ... . theoretical and practical. By William Allen Miller, ... .']","['1871-74.', '1871-74.']","['J. Wiley,', 'J. Wiley,']","['New York :', 'New York,']","['eng', 'eng']"
ALMA,990019935900106381,AJN7436.0002.001,"['title', 'fuzz_score: 61']","['Miller, William Allen, 1817-1870.', ' Miller, William Allen, 1817-1870.']","['Elements of chemistry : theoretical and practical /', 'Elements of chemistry: Part I-[III]. ... . theoretical and practical. By William Allen Miller, ... .']","['1871-74.', '1871-74.']","['J. Wiley,', 'J. Wiley,']","['New York :', 'New York,']","['eng', 'eng']"
DLXS,99187377225606381,AJP3455.0001.001,['date'],"['None', ' Loomis, Elias, 1811-1889.']","['On certain storms in Europe and America, December 1836. By Elias Loomis ...', 'On certain storms in Europe and America, December 1836. By Elias Loomis ...']","['None', '1860]']","['Smithsonian institution, D. Appleton & co.', 'Smithsonian institution;']","['', '[Washington,']","['eng', 'eng']"
DLXS,99187386374106381,AJP9923.0001.001,['date'],"['None', ' Vinton, Francis Laurens, 1835-1879.']","['Theory of the strength of materials, illustrated by applications to machines and buildings ...', 'Theory of the strength of materials, illustrated by applications to machines and buildings ...']","['None', '1874.']","['Tobitt & Bunce', 'Tobitt & Bunce,']","['', 'New York:']","['eng', 'eng']"
DLXS,990020105950106381,AJQ5427.0001.001,"['title', 'fuzz_score: 84']","['Michigan State Agricultural Society http://id.loc.gov/authorities/names/no91021702 http://viaf.org/viaf/140169503', 'Michigan state agricultural society.']","['Transactions of the State Agricultural Society, with reports of county agricultural societies.', 'Transactions of the State agricultural society of Michigan; with reports of county agricultural societies, for the year 1849-59. Pub. by order of the Legislature. v. [1]-11.']","['1850-61.', '1850-61.']","['Michigan state agricultural society,', None]","['Lansing :', 'Lansing,']","['eng', 'eng']"
DLS,990020105950106381,AJQ5427.0003.001,"['title', 'fuzz_score: 84']","['Michigan State Agricultural Society http://id.loc.gov/authorities/names/no91021702 http://viaf.org/viaf/140169503', 'Michigan state agricultural society.']","['Transactions of the State Agricultural Society, with reports of county agricultural societies.', 'Transactions of the State agricultural society of Michigan; with reports of county agricultural societies, for the year 1849-59. Pub. by order of the Legislature. v. [1]-11.']","['1850-61.', '1850-61.']","['Michigan state agricultural society,', None]","['Lansing :', 'Lansing,']","['eng', 'eng']"
DLXS,990020105950106381,AJQ5427.0004.001,"['title', 'fuzz_score: 84']","['Michigan State Agricultural Society http://id.loc.gov/authorities/names/no91021702 http://viaf.org/viaf/140169503', 'Michigan state agricultural society.']","['Transactions of the State Agricultural Society, with reports of county agricultural societies.', 'Transactions of the State agricultural society of Michigan; with reports of county agricultural societies, for the year 1849-59. Pub. by order of the Legislature. v. [1]-11.']","['1850-61.', '1850-61.']","['Michigan state agricultural society,', None]","['Lansing :', 'Lansing,']","['eng', 'eng']"
DLXS,990020105950106381,AJQ5427.0005.001,"['title', 'fuzz_score: 84']","['Michigan State Agricultural Society http://id.loc.gov/authorities/names/no91021702 http://viaf.org/viaf/140169503', 'Michigan state agricultural society.']","['Transactions of the State Agricultural Society, with reports of county agricultural societies.', 'Transactions of the State agricultural society of Michigan; with reports of county agricultural societies, for the year 1849-59. Pub. by order of the Legislature. v. [1]-11.']","['1850-61.', '1850-61.']","['Michigan state agricultural society,', None]","['Lansing :', 'Lansing,']","['eng', 'eng']"
DLXS,990020105950106381,AJQ5427.0006.001,"['title', 'fuzz_score: 84']","['Michigan State Agricultural Society http://id.loc.gov/authorities/names/no91021702 http://viaf.org/viaf/140169503', 'Michigan state agricultural society.']","['Transactions of the State Agricultural Society, with reports of county agricultural societies.', 'Transactions of the State agricultural society of Michigan; with reports of county agricultural societies, for the year 1849-59. Pub. by order of the Legislature. v. [1]-11.']","['1850-61.', '1850-61.']","['Michigan state agricultural society,', None]","['Lansing :', 'Lansing,']","['eng', 'eng']"
DLXS,990020105950106381,AJQ5427.0007.001,"['title', 'fuzz_score: 84']","['Michigan State Agricultural Society http://id.loc.gov/authorities/names/no91021702 http://viaf.org/viaf/140169503', 'Michigan state agricultural society.']","['Transactions of the State Agricultural Society, with reports of county agricultural societies.', 'Transactions of the State agricultural society of Michigan; with reports of county agricultural societies, for the year 1849-59. Pub. by order of the Legislature. v. [1]-11.']","['1850-61.', '1850-61.']","['Michigan state agricultural society,', None]","['Lansing :', 'Lansing,']","['eng', 'eng']"
DLXS,990020105950106381,AJQ5427.0009.001,"['title', 'fuzz_score: 84']","['Michigan State Agricultural Society http://id.loc.gov/authorities/names/no91021702 http://viaf.org/viaf/140169503', 'Michigan state agricultural society.']","['Transactions of the State Agricultural Society, with reports of county agricultural societies.', 'Transactions of the State agricultural society of Michigan; with reports of county agricultural societies, for the year 1849-59. Pub. by order of the Legislature. v. [1]-11.']","['1850-61.', '1850-61.']","['Michigan state agricultural society,', None]","['Lansing :', 'Lansing,']","['eng', 'eng']"
DLXS,990020105950106381,AJQ5427.0010.001,"['title', 'fuzz_score: 84']","['Michigan State Agricultural Society http://id.loc.gov/authorities/names/no91021702 http://viaf.org/viaf/140169503', 'Michigan state agricultural society.']","['Transactions of the State Agricultural Society, with reports of county agricultural societies.', 'Transactions of the State agricultural society of Michigan; with reports of county agricultural societies, for the year 1849-59. Pub. by order of the Legislature. v. [1]-11.']","['1850-61.', '1850-61.']","['Michigan state agricultural society,', None]","['Lansing :', 'Lansing,']","['eng', 'eng']"
DLXS,990020105950106381,AJQ5427.0011.001,"['title', 'fuzz_score: 84']","['Michigan State Agricultural Society http://id.loc.gov/authorities/names/no91021702 http://viaf.org/viaf/140169503', 'Michigan state agricultural society.']","['Transactions of the State Agricultural Society, with reports of county agricultural societies.', 'Transactions of the State agricultural society of Michigan; with reports of county agricultural societies, for the year 1849-59. Pub. by order of the Legislature. v. [1]-11.']","['1850-61.', '1850-61.']","['Michigan state agricultural society,', None]","['Lansing :', 'Lansing,']","['eng', 'eng']"
DLXS,990020105950106381,AJQ5427.1850.001,"['title', 'fuzz_score: 84']","['Michigan State Agricultural Society http://id.loc.gov/authorities/names/no91021702 http://viaf.org/viaf/140169503', 'Michigan state agricultural society.']","['Transactions of the State Agricultural Society, with reports of county agricultural societies.', 'Transactions of the State agricultural society of Michigan; with reports of county agricultural societies, for the year 1849-59. Pub. by order of the Legislature. v. [1]-11.']","['1850-61.', '1850-61.']","['Michigan state agricultural society,', None]","['Lansing :', 'Lansing,']","['eng', 'eng']"
DLXS,990020252140106381,AJS0571.0001.001,"['title', 'fuzz_score: 89']","['Youatt, William, 1776-1847.', ' Youatt, William, 1776-1847.']","['The dog /', 'The dog, by William Youatt. Ed., with additions, by E. J. Lewis ...']","['1852.', '1852.']","['Blanchard and Lea,', 'Blanchard and Lea,']","['Philadelphia :', 'Philadelphia,']","['eng', 'eng']"
DLXS,990020892360106381,AJZ0767.0001.001,['date'],"['Peters, John C. (John Charles), 1819-1893.', ' Peters, John C. (John Charles), 1819-1893.']","['The science & art, or the principles & practice of medicine...', 'The science & art, or the principles & practice of medicine...']","['None', 'unknown']","['None', 'unknown']","[None, 'unknown']","['eng', 'eng']"
DLXS,990020894730106381,AJZ1004.0001.001,['date'],"['Williamson, W. (Walter), 1811-1870.', ' Williamson, W. (Walter), 1811-1870.']","['Diseases of females & children, & their homoeopathic treatment...', 'Diseases of females & children, & their homoeopathic treatment...']","['1954.', '1854.']","['Rademacher & Sheek;', 'Rademacher & Sheek;']","['Philadelphia :', 'Philadelphia,']","['eng', 'eng']"
Incorrect,990021011400106381,AKA3861.0001.001,['date'],"['Newcomb, Simon, 1835-1909.', ' Newcomb, Simon, 1835-1909.']","['Investigation of the latitude and longitude of the U.S. Naval observatory, Washington, and of the declinations of certain circumpolar stars /', 'Investigation of the latitude and longitude of the U.S. Naval observatory, Washington, and of the declinations of certain circumpolar stars / by Professor Simon NewComb, U.S.N.']","['None', 'unknown']","['None', 'unknown']","[None, 'unknown']","['eng', 'eng']"
DLXS,990021859350106381,AKK3316.0001.001,['language'],"['None', 'Stoeckel, Gustave Jacob, 1819-1907.']","['The College hymn book : for use in the Battell Chapel at Yale College : with tunes selected and arranged for male voices /', 'The College hymn book : for use in the Battell Chapel at Yale College : with tunes selected and arranged for male voices / by Gustave J. Stoeckel.']","['1886.', '1886.']","['W.A. Pond,', 'W.A. Pond,']","['New York :', 'New York :']","['eng', None]"
DLXS,990022434500106381,AKR4666.0001.001,['date'],"['Hazlitt, William, 1778-1830.', ' Hazlitt, William, 1778-1830.']","['Lectures on the dramatic literature of the age of Elizabeth /', 'Lectures on the dramatic literature of the age of Elizabeth. By William Hazlitt.']","['[189-?]', '[187-?]']","['J.B. Lippincott company,', 'J.B. Lippincott company']","['Philadelphia :', 'Philadelphia,']","['eng', 'eng']"
Incorrect,99187365819206381,AQZ3548.0001.001,['date'],"['None', ' Hughes, Ingram.']","['American nationalism as expressing the rational purpose in government : being a declaration of the principles of the American Nationalist Party / by Ingram Hughes', 'American nationalism as expressing the rational purpose in government : being a declaration of the principles of the American Nationalist Party / by Ingram Hughes.']","['None', '1935.']","['American Nationalist Publications', 'American Nationalist Publications,']","['', 'Los Angeles :']","['eng', 'eng']"
Incorrect,99187354578506381,BAA6151.0001.001,['date'],"['None', ' Hupchick, Dennis P.']","['Culture and history in Eastern Europe / Dennis P. Hupchick', 'Culture and history in Eastern Europe / Dennis P. Hupchick.']","['None', '1994.']","[""St. Martin's Press"", ""St. Martin's Press,""]","['', 'New York :']","['eng', 'eng']"
Incorrect,990039257710106381,BAC1504.0001.001,"['date', 'language']","['None', 'Schwartz, Eduard, 1858-1940. De scholiis Homericis ad historiam fabularem pertinentibus.']","['[Christian pamphlets.', '[Christian pamphlets. Vol. 12]']","['None', 'unknown']","['None', 'unknown']","[None, 'unknown']","['ger', 'ger']"
DLXS,990039278310106381,BAC4326.0001.001,['language'],"['Geo. A. Ogle & Co.', 'Geo. A. Ogle & Co.']","['Standard atlas of Manistee County, Michigan : including a plat book of the villages, cities and townships of the county...patrons directory, reference business directory... /', 'Standard atlas of Manistee County, Michigan : including a plat book of the villages, cities and townships of the county...patrons directory, reference business directory... / compiled and published by Geo. A. Ogle & Co.']","['1903.', '1903.']","['Geo. A. Ogle & Co.,', 'Geo. A. Ogle & Co.,']","['Chicago :', 'Chicago :']","['eng', None]"
ALMA,990033030610106381,BAD8912.0001.001,"['title', 'fuzz_score: 37']","['Jackson, Helen Hunt, 1830-1885.', 'Simpson, D. P. ed.']","['Sonnets and lyrics,', ""Cassell's new Latin dictionary. Latin-English, English-Latin, by D. P. Simpson.""]","['1888 [c1886]', 'c1959.']","['Roberts Brothers,', 'Funk & Wagnalls']","['Boston,', 'New York,']","['eng', 'lat']"
DLXS,990009688820106381,0968882.0001.001,['language'],"['Eyskens, Gaston.', 'Eyskens, Gaston.']","['Le port de New-York dans son rôle économique.', 'Le port de New-York dans son rôle économique.']","['1929.', '1929.']","['R. Fonteyn,', 'R. Fonteyn,']","['Louvain,', 'Louvain,']","['fre', 'fre']"
DLXS,990011089160106381,1108916.0001.001,['language'],"['Stevens, Frank Walker, 1847-1928.', 'Stevens, Frank Walker, 1847-1928.']","['The beginnings of the New York central railroad; a history,', 'The beginnings of the New York central railroad; a history, by Frank Walker Stevens.']","['1926.', '1926.']","[""G. P. Putnam's sons,"", ""G. P. Putnam's sons,""]","['New York,', 'New York,']","['|||', 'fill']"
DLXS,990011585280106381,1158528.0001.001,['language'],"['Crandall, Samuel Benjamin, 1874-', 'Crandall, Samuel Benjamin, 1874-']","['Treaties, their making and enforcement /', 'Treaties, their making and enforcement / by Samuel B. Crandall.']","['1904.', '1904.']","['Columbia University Press,', 'Columbia University Press,']","['New York :', 'New York :']","['|||', 'fill']"
DLXS,990018195520106381,1819552.0001.001,['language'],"['Root, Minnie Maes.', ' Root, Minnie Maes, comp.']","[""Michigan's favorite college songs /"", ""Michigan's favorite college songs, edited by Roy Dickinson Welch, 1909, and Earl Vincent Moore, 1912 [compiled by Mrs. Minnie Maes Root]""]","['[c1925]', '[c1925]']","['University music house,', 'University music house']","['Ann Arbor, Mich. :', 'Ann Arbor, Mich.,']","['eng', None]"
DLXS,990018739110106381,1873911.0001.001,['language'],"['Morand, Paul, 1888-1976.', 'Morand, Paul, 1888-1976.']","['New York.', 'New York.']","['[1930]', '[1930]']","['E. Flammarion', 'E. Flammarion']","['[Paris]', '[Paris]']","['fre', 'fre']"
DLXS,990025656980106381,2565698.0001.001,['language'],"['Nostrand, George J.', 'Nostrand, George J.']","[""Nostrand's indexed Queens house number map"", ""Nostrand's indexed Queens house number map:  Geo. J. Nostrand ; Norman Gugler.""]","['c[193-?]', 'c[193-?]']","['George J. Nostrand,', 'George J. Nostrand,']","['New York :', 'New York :']","['eng', None]"
DLXS,990025656990106381,2565699.0001.001,['language'],"['Nostrand, George J.', 'Nostrand, George J.']","[""Nostrand's indexed Brooklyn house number map"", ""Nostrand's indexed Brooklyn house number map: ""]","['c[193-?]', 'c[193-?]']","['George J. Nostrand,', 'George J. Nostrand,']","['New York :', 'New York :']","['eng', None]"
DLXS,990051475210106381,5147521.0001.001,['date'],"['None', None]","['A History of real estate, building, and architecture in New York City during the last quarter of a century', 'A History of real estate, building, and architecture in New York City during the last quarter of a century']","['c1898.', '1898']","['Record and Guide,', 'Record and Guide']","['New York :', 'New York']","['eng', 'eng']"